/Users/twixes/Developer/thispriestdoesnotexist/research/vendor/stylegan2-ada-pytorch/torch_utils/ops/grid_sample_gradfix.py:39: UserWarning: grid_sample_gradfix not supported on PyTorch 2.14.0. Falling back to torch.nn.functional.grid_sample().
  warnings.warn(f'grid_sample_gradfix not supported on PyTorch {torch.__version__}. Falling back to torch.nn.functional.grid_sample().')
/Users/twixes/Developer/thispriestdoesnotexist/research/vendor/stylegan2-ada-pytorch/torch_utils/ops/grid_sample_gradfix.py:39: UserWarning: grid_sample_gradfix not supported on PyTorch 2.14.0. Falling back to torch.nn.functional.grid_sample().
  warnings.warn(f'grid_sample_gradfix not supported on PyTorch {torch.__version__}. Falling back to torch.nn.functional.grid_sample().')
/Users/twixes/Developer/thispriestdoesnotexist/research/vendor/stylegan2-ada-pytorch/torch_utils/ops/grid_sample_gradfix.py:39: UserWarning: grid_sample_gradfix not supported on PyTorch 2.14.0. Falling back to torch.nn.functional.grid_sample().
  warnings.warn(f'grid_sample_gradfix not supported on PyTorch {torch.__version__}. Falling back to torch.nn.functional.grid_sample().')
/Users/twixes/Developer/thispriestdoesnotexist/research/vendor/stylegan2-ada-pytorch/torch_utils/ops/grid_sample_gradfix.py:39: UserWarning: grid_sample_gradfix not supported on PyTorch 2.14.0. Falling back to torch.nn.functional.grid_sample().
  warnings.warn(f'grid_sample_gradfix not supported on PyTorch {torch.__version__}. Falling back to torch.nn.functional.grid_sample().')
/Users/twixes/Developer/thispriestdoesnotexist/research/vendor/stylegan2-ada-pytorch/torch_utils/ops/grid_sample_gradfix.py:39: UserWarning: grid_sample_gradfix not supported on PyTorch 2.14.0. Falling back to torch.nn.functional.grid_sample().
  warnings.warn(f'grid_sample_gradfix not supported on PyTorch {torch.__version__}. Falling back to torch.nn.functional.grid_sample().')
/Users/twixes/Developer/thispriestdoesnotexist/research/vendor/stylegan2-ada-pytorch/torch_utils/ops/grid_sample_gradfix.py:39: UserWarning: grid_sample_gradfix not supported on PyTorch 2.14.0. Falling back to torch.nn.functional.grid_sample().
  warnings.warn(f'grid_sample_gradfix not supported on PyTorch {torch.__version__}. Falling back to torch.nn.functional.grid_sample().')
/Users/twixes/Developer/thispriestdoesnotexist/research/vendor/stylegan2-ada-pytorch/torch_utils/ops/grid_sample_gradfix.py:39: UserWarning: grid_sample_gradfix not supported on PyTorch 2.14.0. Falling back to torch.nn.functional.grid_sample().
  warnings.warn(f'grid_sample_gradfix not supported on PyTorch {torch.__version__}. Falling back to torch.nn.functional.grid_sample().')
/Users/twixes/Developer/thispriestdoesnotexist/research/vendor/stylegan2-ada-pytorch/torch_utils/ops/grid_sample_gradfix.py:39: UserWarning: grid_sample_gradfix not supported on PyTorch 2.14.0. Falling back to torch.nn.functional.grid_sample().
  warnings.warn(f'grid_sample_gradfix not supported on PyTorch {torch.__version__}. Falling back to torch.nn.functional.grid_sample().')
/Users/twixes/Developer/thispriestdoesnotexist/research/vendor/stylegan2-ada-pytorch/torch_utils/ops/grid_sample_gradfix.py:39: UserWarning: grid_sample_gradfix not supported on PyTorch 2.14.0. Falling back to torch.nn.functional.grid_sample().
  warnings.warn(f'grid_sample_gradfix not supported on PyTorch {torch.__version__}. Falling back to torch.nn.functional.grid_sample().')
/Users/twixes/Developer/thispriestdoesnotexist/research/vendor/stylegan2-ada-pytorch/torch_utils/ops/grid_sample_gradfix.py:39: UserWarning: grid_sample_gradfix not supported on PyTorch 2.14.0. Falling back to torch.nn.functional.grid_sample().
  warnings.warn(f'grid_sample_gradfix not supported on PyTorch {torch.__version__}. Falling back to torch.nn.functional.grid_sample().')
/Users/twixes/Developer/thispriestdoesnotexist/research/vendor/stylegan2-ada-pytorch/torch_utils/ops/grid_sample_gradfix.py:39: UserWarning: grid_sample_gradfix not supported on PyTorch 2.14.0. Falling back to torch.nn.functional.grid_sample().
  warnings.warn(f'grid_sample_gradfix not supported on PyTorch {torch.__version__}. Falling back to torch.nn.functional.grid_sample().')
/Users/twixes/Developer/thispriestdoesnotexist/research/vendor/stylegan2-ada-pytorch/torch_utils/ops/grid_sample_gradfix.py:39: UserWarning: grid_sample_gradfix not supported on PyTorch 2.14.0. Falling back to torch.nn.functional.grid_sample().
  warnings.warn(f'grid_sample_gradfix not supported on PyTorch {torch.__version__}. Falling back to torch.nn.functional.grid_sample().')
/Users/twixes/Developer/thispriestdoesnotexist/research/vendor/stylegan2-ada-pytorch/torch_utils/ops/grid_sample_gradfix.py:39: UserWarning: grid_sample_gradfix not supported on PyTorch 2.14.0. Falling back to torch.nn.functional.grid_sample().
  warnings.warn(f'grid_sample_gradfix not supported on PyTorch {torch.__version__}. Falling back to torch.nn.functional.grid_sample().')
/Users/twixes/Developer/thispriestdoesnotexist/research/vendor/stylegan2-ada-pytorch/torch_utils/ops/grid_sample_gradfix.py:39: UserWarning: grid_sample_gradfix not supported on PyTorch 2.14.0. Falling back to torch.nn.functional.grid_sample().
  warnings.warn(f'grid_sample_gradfix not supported on PyTorch {torch.__version__}. Falling back to torch.nn.functional.grid_sample().')
/Users/twixes/Developer/thispriestdoesnotexist/research/vendor/stylegan2-ada-pytorch/torch_utils/ops/grid_sample_gradfix.py:39: UserWarning: grid_sample_gradfix not supported on PyTorch 2.14.0. Falling back to torch.nn.functional.grid_sample().
  warnings.warn(f'grid_sample_gradfix not supported on PyTorch {torch.__version__}. Falling back to torch.nn.functional.grid_sample().')
/Users/twixes/Developer/thispriestdoesnotexist/research/vendor/stylegan2-ada-pytorch/torch_utils/ops/grid_sample_gradfix.py:39: UserWarning: grid_sample_gradfix not supported on PyTorch 2.14.0. Falling back to torch.nn.functional.grid_sample().
  warnings.warn(f'grid_sample_gradfix not supported on PyTorch {torch.__version__}. Falling back to torch.nn.functional.grid_sample().')
/Users/twixes/Developer/thispriestdoesnotexist/research/vendor/stylegan2-ada-pytorch/torch_utils/ops/grid_sample_gradfix.py:39: UserWarning: grid_sample_gradfix not supported on PyTorch 2.14.0. Falling back to torch.nn.functional.grid_sample().
  warnings.warn(f'grid_sample_gradfix not supported on PyTorch {torch.__version__}. Falling back to torch.nn.functional.grid_sample().')
/Users/twixes/Developer/thispriestdoesnotexist/research/vendor/stylegan2-ada-pytorch/torch_utils/ops/grid_sample_gradfix.py:39: UserWarning: grid_sample_gradfix not supported on PyTorch 2.14.0. Falling back to torch.nn.functional.grid_sample().
  warnings.warn(f'grid_sample_gradfix not supported on PyTorch {torch.__version__}. Falling back to torch.nn.functional.grid_sample().')
/Users/twixes/Developer/thispriestdoesnotexist/research/vendor/stylegan2-ada-pytorch/torch_utils/ops/grid_sample_gradfix.py:39: UserWarning: grid_sample_gradfix not supported on PyTorch 2.14.0. Falling back to torch.nn.functional.grid_sample().
  warnings.warn(f'grid_sample_gradfix not supported on PyTorch {torch.__version__}. Falling back to torch.nn.functional.grid_sample().')
/Users/twixes/Developer/thispriestdoesnotexist/research/vendor/stylegan2-ada-pytorch/torch_utils/ops/grid_sample_gradfix.py:39: UserWarning: grid_sample_gradfix not supported on PyTorch 2.14.0. Falling back to torch.nn.functional.grid_sample().
  warnings.warn(f'grid_sample_gradfix not supported on PyTorch {torch.__version__}. Falling back to torch.nn.functional.grid_sample().')
/Users/twixes/Developer/thispriestdoesnotexist/research/vendor/stylegan2-ada-pytorch/torch_utils/ops/grid_sample_gradfix.py:39: UserWarning: grid_sample_gradfix not supported on PyTorch 2.14.0. Falling back to torch.nn.functional.grid_sample().
  warnings.warn(f'grid_sample_gradfix not supported on PyTorch {torch.__version__}. Falling back to torch.nn.functional.grid_sample().')
/Users/twixes/Developer/thispriestdoesnotexist/research/vendor/stylegan2-ada-pytorch/torch_utils/ops/grid_sample_gradfix.py:39: UserWarning: grid_sample_gradfix not supported on PyTorch 2.14.0. Falling back to torch.nn.functional.grid_sample().
  warnings.warn(f'grid_sample_gradfix not supported on PyTorch {torch.__version__}. Falling back to torch.nn.functional.grid_sample().')
/Users/twixes/Developer/thispriestdoesnotexist/research/vendor/stylegan2-ada-pytorch/torch_utils/ops/grid_sample_gradfix.py:39: UserWarning: grid_sample_gradfix not supported on PyTorch 2.14.0. Falling back to torch.nn.functional.grid_sample().
  warnings.warn(f'grid_sample_gradfix not supported on PyTorch {torch.__version__}. Falling back to torch.nn.functional.grid_sample().')
/Users/twixes/Developer/thispriestdoesnotexist/research/vendor/stylegan2-ada-pytorch/torch_utils/ops/grid_sample_gradfix.py:39: UserWarning: grid_sample_gradfix not supported on PyTorch 2.14.0. Falling back to torch.nn.functional.grid_sample().
  warnings.warn(f'grid_sample_gradfix not supported on PyTorch {torch.__version__}. Falling back to torch.nn.functional.grid_sample().')
{"step": 2, "images_seen": 128, "kimg": 0.128, "seconds": 14.803317375015467, "augment_p": 0.0, "pl_mean": 0.04041299223899841, "phases": [{"phase": "Gmain", "gain_per_microbatch": 1, "rounds": 8, "seconds": 5.545051709050313}, {"phase": "Dmain", "gain_per_microbatch": 1, "rounds": 8, "seconds": 9.199491832987405}], "statistics": {"Loss/scores/fake": -1.4249286130070686, "Loss/signs/fake": -0.984375, "Loss/G/loss": 1.715060144662857, "Loss/pl_penalty": 0.2896377332508564, "Loss/G/reg": 0.5792754665017128, "Loss/scores/real": 3.549573063850403, "Loss/signs/real": 1.0, "Loss/D/loss": 0.2880646400153637, "Loss/r1_penalty": 0.15134068951010704, "Loss/D/reg": 0.07567034475505352}}
/Users/twixes/Developer/thispriestdoesnotexist/research/vendor/stylegan2-ada-pytorch/torch_utils/ops/grid_sample_gradfix.py:39: UserWarning: grid_sample_gradfix not supported on PyTorch 2.14.0. Falling back to torch.nn.functional.grid_sample().
  warnings.warn(f'grid_sample_gradfix not supported on PyTorch {torch.__version__}. Falling back to torch.nn.functional.grid_sample().')
/Users/twixes/Developer/thispriestdoesnotexist/research/vendor/stylegan2-ada-pytorch/torch_utils/ops/grid_sample_gradfix.py:39: UserWarning: grid_sample_gradfix not supported on PyTorch 2.14.0. Falling back to torch.nn.functional.grid_sample().
  warnings.warn(f'grid_sample_gradfix not supported on PyTorch {torch.__version__}. Falling back to torch.nn.functional.grid_sample().')
/Users/twixes/Developer/thispriestdoesnotexist/research/vendor/stylegan2-ada-pytorch/torch_utils/ops/grid_sample_gradfix.py:39: UserWarning: grid_sample_gradfix not supported on PyTorch 2.14.0. Falling back to torch.nn.functional.grid_sample().
  warnings.warn(f'grid_sample_gradfix not supported on PyTorch {torch.__version__}. Falling back to torch.nn.functional.grid_sample().')
/Users/twixes/Developer/thispriestdoesnotexist/research/vendor/stylegan2-ada-pytorch/torch_utils/ops/grid_sample_gradfix.py:39: UserWarning: grid_sample_gradfix not supported on PyTorch 2.14.0. Falling back to torch.nn.functional.grid_sample().
  warnings.warn(f'grid_sample_gradfix not supported on PyTorch {torch.__version__}. Falling back to torch.nn.functional.grid_sample().')
/Users/twixes/Developer/thispriestdoesnotexist/research/vendor/stylegan2-ada-pytorch/torch_utils/ops/grid_sample_gradfix.py:39: UserWarning: grid_sample_gradfix not supported on PyTorch 2.14.0. Falling back to torch.nn.functional.grid_sample().
  warnings.warn(f'grid_sample_gradfix not supported on PyTorch {torch.__version__}. Falling back to torch.nn.functional.grid_sample().')
/Users/twixes/Developer/thispriestdoesnotexist/research/vendor/stylegan2-ada-pytorch/torch_utils/ops/grid_sample_gradfix.py:39: UserWarning: grid_sample_gradfix not supported on PyTorch 2.14.0. Falling back to torch.nn.functional.grid_sample().
  warnings.warn(f'grid_sample_gradfix not supported on PyTorch {torch.__version__}. Falling back to torch.nn.functional.grid_sample().')
/Users/twixes/Developer/thispriestdoesnotexist/research/vendor/stylegan2-ada-pytorch/torch_utils/ops/grid_sample_gradfix.py:39: UserWarning: grid_sample_gradfix not supported on PyTorch 2.14.0. Falling back to torch.nn.functional.grid_sample().
  warnings.warn(f'grid_sample_gradfix not supported on PyTorch {torch.__version__}. Falling back to torch.nn.functional.grid_sample().')
/Users/twixes/Developer/thispriestdoesnotexist/research/vendor/stylegan2-ada-pytorch/torch_utils/ops/grid_sample_gradfix.py:39: UserWarning: grid_sample_gradfix not supported on PyTorch 2.14.0. Falling back to torch.nn.functional.grid_sample().
  warnings.warn(f'grid_sample_gradfix not supported on PyTorch {torch.__version__}. Falling back to torch.nn.functional.grid_sample().')
/Users/twixes/Developer/thispriestdoesnotexist/research/vendor/stylegan2-ada-pytorch/torch_utils/ops/grid_sample_gradfix.py:39: UserWarning: grid_sample_gradfix not supported on PyTorch 2.14.0. Falling back to torch.nn.functional.grid_sample().
  warnings.warn(f'grid_sample_gradfix not supported on PyTorch {torch.__version__}. Falling back to torch.nn.functional.grid_sample().')
/Users/twixes/Developer/thispriestdoesnotexist/research/vendor/stylegan2-ada-pytorch/torch_utils/ops/grid_sample_gradfix.py:39: UserWarning: grid_sample_gradfix not supported on PyTorch 2.14.0. Falling back to torch.nn.functional.grid_sample().
  warnings.warn(f'grid_sample_gradfix not supported on PyTorch {torch.__version__}. Falling back to torch.nn.functional.grid_sample().')
/Users/twixes/Developer/thispriestdoesnotexist/research/vendor/stylegan2-ada-pytorch/torch_utils/ops/grid_sample_gradfix.py:39: UserWarning: grid_sample_gradfix not supported on PyTorch 2.14.0. Falling back to torch.nn.functional.grid_sample().
  warnings.warn(f'grid_sample_gradfix not supported on PyTorch {torch.__version__}. Falling back to torch.nn.functional.grid_sample().')
/Users/twixes/Developer/thispriestdoesnotexist/research/vendor/stylegan2-ada-pytorch/torch_utils/ops/grid_sample_gradfix.py:39: UserWarning: grid_sample_gradfix not supported on PyTorch 2.14.0. Falling back to torch.nn.functional.grid_sample().
  warnings.warn(f'grid_sample_gradfix not supported on PyTorch {torch.__version__}. Falling back to torch.nn.functional.grid_sample().')
/Users/twixes/Developer/thispriestdoesnotexist/research/vendor/stylegan2-ada-pytorch/torch_utils/ops/grid_sample_gradfix.py:39: UserWarning: grid_sample_gradfix not supported on PyTorch 2.14.0. Falling back to torch.nn.functional.grid_sample().
  warnings.warn(f'grid_sample_gradfix not supported on PyTorch {torch.__version__}. Falling back to torch.nn.functional.grid_sample().')
/Users/twixes/Developer/thispriestdoesnotexist/research/vendor/stylegan2-ada-pytorch/torch_utils/ops/grid_sample_gradfix.py:39: UserWarning: grid_sample_gradfix not supported on PyTorch 2.14.0. Falling back to torch.nn.functional.grid_sample().
  warnings.warn(f'grid_sample_gradfix not supported on PyTorch {torch.__version__}. Falling back to torch.nn.functional.grid_sample().')
/Users/twixes/Developer/thispriestdoesnotexist/research/vendor/stylegan2-ada-pytorch/torch_utils/ops/grid_sample_gradfix.py:39: UserWarning: grid_sample_gradfix not supported on PyTorch 2.14.0. Falling back to torch.nn.functional.grid_sample().
  warnings.warn(f'grid_sample_gradfix not supported on PyTorch {torch.__version__}. Falling back to torch.nn.functional.grid_sample().')
/Users/twixes/Developer/thispriestdoesnotexist/research/vendor/stylegan2-ada-pytorch/torch_utils/ops/grid_sample_gradfix.py:39: UserWarning: grid_sample_gradfix not supported on PyTorch 2.14.0. Falling back to torch.nn.functional.grid_sample().
  warnings.warn(f'grid_sample_gradfix not supported on PyTorch {torch.__version__}. Falling back to torch.nn.functional.grid_sample().')
/Users/twixes/Developer/thispriestdoesnotexist/research/vendor/stylegan2-ada-pytorch/torch_utils/ops/grid_sample_gradfix.py:39: UserWarning: grid_sample_gradfix not supported on PyTorch 2.14.0. Falling back to torch.nn.functional.grid_sample().
  warnings.warn(f'grid_sample_gradfix not supported on PyTorch {torch.__version__}. Falling back to torch.nn.functional.grid_sample().')
/Users/twixes/Developer/thispriestdoesnotexist/research/vendor/stylegan2-ada-pytorch/torch_utils/ops/grid_sample_gradfix.py:39: UserWarning: grid_sample_gradfix not supported on PyTorch 2.14.0. Falling back to torch.nn.functional.grid_sample().
  warnings.warn(f'grid_sample_gradfix not supported on PyTorch {torch.__version__}. Falling back to torch.nn.functional.grid_sample().')
/Users/twixes/Developer/thispriestdoesnotexist/research/vendor/stylegan2-ada-pytorch/torch_utils/ops/grid_sample_gradfix.py:39: UserWarning: grid_sample_gradfix not supported on PyTorch 2.14.0. Falling back to torch.nn.functional.grid_sample().
  warnings.warn(f'grid_sample_gradfix not supported on PyTorch {torch.__version__}. Falling back to torch.nn.functional.grid_sample().')
/Users/twixes/Developer/thispriestdoesnotexist/research/vendor/stylegan2-ada-pytorch/torch_utils/ops/grid_sample_gradfix.py:39: UserWarning: grid_sample_gradfix not supported on PyTorch 2.14.0. Falling back to torch.nn.functional.grid_sample().
  warnings.warn(f'grid_sample_gradfix not supported on PyTorch {torch.__version__}. Falling back to torch.nn.functional.grid_sample().')
/Users/twixes/Developer/thispriestdoesnotexist/research/vendor/stylegan2-ada-pytorch/torch_utils/ops/grid_sample_gradfix.py:39: UserWarning: grid_sample_gradfix not supported on PyTorch 2.14.0. Falling back to torch.nn.functional.grid_sample().
  warnings.warn(f'grid_sample_gradfix not supported on PyTorch {torch.__version__}. Falling back to torch.nn.functional.grid_sample().')
/Users/twixes/Developer/thispriestdoesnotexist/research/vendor/stylegan2-ada-pytorch/torch_utils/ops/grid_sample_gradfix.py:39: UserWarning: grid_sample_gradfix not supported on PyTorch 2.14.0. Falling back to torch.nn.functional.grid_sample().
  warnings.warn(f'grid_sample_gradfix not supported on PyTorch {torch.__version__}. Falling back to torch.nn.functional.grid_sample().')
/Users/twixes/Developer/thispriestdoesnotexist/research/vendor/stylegan2-ada-pytorch/torch_utils/ops/grid_sample_gradfix.py:39: UserWarning: grid_sample_gradfix not supported on PyTorch 2.14.0. Falling back to torch.nn.functional.grid_sample().
  warnings.warn(f'grid_sample_gradfix not supported on PyTorch {torch.__version__}. Falling back to torch.nn.functional.grid_sample().')
/Users/twixes/Developer/thispriestdoesnotexist/research/vendor/stylegan2-ada-pytorch/torch_utils/ops/grid_sample_gradfix.py:39: UserWarning: grid_sample_gradfix not supported on PyTorch 2.14.0. Falling back to torch.nn.functional.grid_sample().
  warnings.warn(f'grid_sample_gradfix not supported on PyTorch {torch.__version__}. Falling back to torch.nn.functional.grid_sample().')
{"step": 3, "images_seen": 192, "kimg": 0.192, "seconds": 35.07368866703473, "augment_p": 0.0, "pl_mean": 0.04041299223899841, "phases": [{"phase": "Gmain", "gain_per_microbatch": 1, "rounds": 8, "seconds": 8.558254708070308}, {"phase": "Dmain", "gain_per_microbatch": 1, "rounds": 8, "seconds": 11.382647542050108}], "statistics": {"Loss/scores/fake": -1.8933920413255692, "Loss/signs/fake": -1.0, "Loss/G/loss": 2.132685676217079, "Loss/pl_penalty": 0.2896377332508564, "Loss/G/reg": 0.5792754665017128, "Loss/scores/real": 3.486366719007492, "Loss/signs/real": 1.0, "Loss/D/loss": 0.21892306581139565, "Loss/r1_penalty": 0.15134068951010704, "Loss/D/reg": 0.07567034475505352}}
/Users/twixes/Developer/thispriestdoesnotexist/research/vendor/stylegan2-ada-pytorch/torch_utils/ops/grid_sample_gradfix.py:39: UserWarning: grid_sample_gradfix not supported on PyTorch 2.14.0. Falling back to torch.nn.functional.grid_sample().
  warnings.warn(f'grid_sample_gradfix not supported on PyTorch {torch.__version__}. Falling back to torch.nn.functional.grid_sample().')
/Users/twixes/Developer/thispriestdoesnotexist/research/vendor/stylegan2-ada-pytorch/torch_utils/ops/grid_sample_gradfix.py:39: UserWarning: grid_sample_gradfix not supported on PyTorch 2.14.0. Falling back to torch.nn.functional.grid_sample().
  warnings.warn(f'grid_sample_gradfix not supported on PyTorch {torch.__version__}. Falling back to torch.nn.functional.grid_sample().')
/Users/twixes/Developer/thispriestdoesnotexist/research/vendor/stylegan2-ada-pytorch/torch_utils/ops/grid_sample_gradfix.py:39: UserWarning: grid_sample_gradfix not supported on PyTorch 2.14.0. Falling back to torch.nn.functional.grid_sample().
  warnings.warn(f'grid_sample_gradfix not supported on PyTorch {torch.__version__}. Falling back to torch.nn.functional.grid_sample().')
/Users/twixes/Developer/thispriestdoesnotexist/research/vendor/stylegan2-ada-pytorch/torch_utils/ops/grid_sample_gradfix.py:39: UserWarning: grid_sample_gradfix not supported on PyTorch 2.14.0. Falling back to torch.nn.functional.grid_sample().
  warnings.warn(f'grid_sample_gradfix not supported on PyTorch {torch.__version__}. Falling back to torch.nn.functional.grid_sample().')
/Users/twixes/Developer/thispriestdoesnotexist/research/vendor/stylegan2-ada-pytorch/torch_utils/ops/grid_sample_gradfix.py:39: UserWarning: grid_sample_gradfix not supported on PyTorch 2.14.0. Falling back to torch.nn.functional.grid_sample().
  warnings.warn(f'grid_sample_gradfix not supported on PyTorch {torch.__version__}. Falling back to torch.nn.functional.grid_sample().')
/Users/twixes/Developer/thispriestdoesnotexist/research/vendor/stylegan2-ada-pytorch/torch_utils/ops/grid_sample_gradfix.py:39: UserWarning: grid_sample_gradfix not supported on PyTorch 2.14.0. Falling back to torch.nn.functional.grid_sample().
  warnings.warn(f'grid_sample_gradfix not supported on PyTorch {torch.__version__}. Falling back to torch.nn.functional.grid_sample().')
/Users/twixes/Developer/thispriestdoesnotexist/research/vendor/stylegan2-ada-pytorch/torch_utils/ops/grid_sample_gradfix.py:39: UserWarning: grid_sample_gradfix not supported on PyTorch 2.14.0. Falling back to torch.nn.functional.grid_sample().
  warnings.warn(f'grid_sample_gradfix not supported on PyTorch {torch.__version__}. Falling back to torch.nn.functional.grid_sample().')
/Users/twixes/Developer/thispriestdoesnotexist/research/vendor/stylegan2-ada-pytorch/torch_utils/ops/grid_sample_gradfix.py:39: UserWarning: grid_sample_gradfix not supported on PyTorch 2.14.0. Falling back to torch.nn.functional.grid_sample().
  warnings.warn(f'grid_sample_gradfix not supported on PyTorch {torch.__version__}. Falling back to torch.nn.functional.grid_sample().')
/Users/twixes/Developer/thispriestdoesnotexist/research/vendor/stylegan2-ada-pytorch/torch_utils/ops/grid_sample_gradfix.py:39: UserWarning: grid_sample_gradfix not supported on PyTorch 2.14.0. Falling back to torch.nn.functional.grid_sample().
  warnings.warn(f'grid_sample_gradfix not supported on PyTorch {torch.__version__}. Falling back to torch.nn.functional.grid_sample().')
/Users/twixes/Developer/thispriestdoesnotexist/research/vendor/stylegan2-ada-pytorch/torch_utils/ops/grid_sample_gradfix.py:39: UserWarning: grid_sample_gradfix not supported on PyTorch 2.14.0. Falling back to torch.nn.functional.grid_sample().
  warnings.warn(f'grid_sample_gradfix not supported on PyTorch {torch.__version__}. Falling back to torch.nn.functional.grid_sample().')
/Users/twixes/Developer/thispriestdoesnotexist/research/vendor/stylegan2-ada-pytorch/torch_utils/ops/grid_sample_gradfix.py:39: UserWarning: grid_sample_gradfix not supported on PyTorch 2.14.0. Falling back to torch.nn.functional.grid_sample().
  warnings.warn(f'grid_sample_gradfix not supported on PyTorch {torch.__version__}. Falling back to torch.nn.functional.grid_sample().')
/Users/twixes/Developer/thispriestdoesnotexist/research/vendor/stylegan2-ada-pytorch/torch_utils/ops/grid_sample_gradfix.py:39: UserWarning: grid_sample_gradfix not supported on PyTorch 2.14.0. Falling back to torch.nn.functional.grid_sample().
  warnings.warn(f'grid_sample_gradfix not supported on PyTorch {torch.__version__}. Falling back to torch.nn.functional.grid_sample().')
/Users/twixes/Developer/thispriestdoesnotexist/research/vendor/stylegan2-ada-pytorch/torch_utils/ops/grid_sample_gradfix.py:39: UserWarning: grid_sample_gradfix not supported on PyTorch 2.14.0. Falling back to torch.nn.functional.grid_sample().
  warnings.warn(f'grid_sample_gradfix not supported on PyTorch {torch.__version__}. Falling back to torch.nn.functional.grid_sample().')
/Users/twixes/Developer/thispriestdoesnotexist/research/vendor/stylegan2-ada-pytorch/torch_utils/ops/grid_sample_gradfix.py:39: UserWarning: grid_sample_gradfix not supported on PyTorch 2.14.0. Falling back to torch.nn.functional.grid_sample().
  warnings.warn(f'grid_sample_gradfix not supported on PyTorch {torch.__version__}. Falling back to torch.nn.functional.grid_sample().')
/Users/twixes/Developer/thispriestdoesnotexist/research/vendor/stylegan2-ada-pytorch/torch_utils/ops/grid_sample_gradfix.py:39: UserWarning: grid_sample_gradfix not supported on PyTorch 2.14.0. Falling back to torch.nn.functional.grid_sample().
  warnings.warn(f'grid_sample_gradfix not supported on PyTorch {torch.__version__}. Falling back to torch.nn.functional.grid_sample().')
/Users/twixes/Developer/thispriestdoesnotexist/research/vendor/stylegan2-ada-pytorch/torch_utils/ops/grid_sample_gradfix.py:39: UserWarning: grid_sample_gradfix not supported on PyTorch 2.14.0. Falling back to torch.nn.functional.grid_sample().
  warnings.warn(f'grid_sample_gradfix not supported on PyTorch {torch.__version__}. Falling back to torch.nn.functional.grid_sample().')
/Users/twixes/Developer/thispriestdoesnotexist/research/vendor/stylegan2-ada-pytorch/torch_utils/ops/grid_sample_gradfix.py:39: UserWarning: grid_sample_gradfix not supported on PyTorch 2.14.0. Falling back to torch.nn.functional.grid_sample().
  warnings.warn(f'grid_sample_gradfix not supported on PyTorch {torch.__version__}. Falling back to torch.nn.functional.grid_sample().')
/Users/twixes/Developer/thispriestdoesnotexist/research/vendor/stylegan2-ada-pytorch/torch_utils/ops/grid_sample_gradfix.py:39: UserWarning: grid_sample_gradfix not supported on PyTorch 2.14.0. Falling back to torch.nn.functional.grid_sample().
  warnings.warn(f'grid_sample_gradfix not supported on PyTorch {torch.__version__}. Falling back to torch.nn.functional.grid_sample().')
/Users/twixes/Developer/thispriestdoesnotexist/research/vendor/stylegan2-ada-pytorch/torch_utils/ops/grid_sample_gradfix.py:39: UserWarning: grid_sample_gradfix not supported on PyTorch 2.14.0. Falling back to torch.nn.functional.grid_sample().
  warnings.warn(f'grid_sample_gradfix not supported on PyTorch {torch.__version__}. Falling back to torch.nn.functional.grid_sample().')
/Users/twixes/Developer/thispriestdoesnotexist/research/vendor/stylegan2-ada-pytorch/torch_utils/ops/grid_sample_gradfix.py:39: UserWarning: grid_sample_gradfix not supported on PyTorch 2.14.0. Falling back to torch.nn.functional.grid_sample().
  warnings.warn(f'grid_sample_gradfix not supported on PyTorch {torch.__version__}. Falling back to torch.nn.functional.grid_sample().')
/Users/twixes/Developer/thispriestdoesnotexist/research/vendor/stylegan2-ada-pytorch/torch_utils/ops/grid_sample_gradfix.py:39: UserWarning: grid_sample_gradfix not supported on PyTorch 2.14.0. Falling back to torch.nn.functional.grid_sample().
  warnings.warn(f'grid_sample_gradfix not supported on PyTorch {torch.__version__}. Falling back to torch.nn.functional.grid_sample().')
/Users/twixes/Developer/thispriestdoesnotexist/research/vendor/stylegan2-ada-pytorch/torch_utils/ops/grid_sample_gradfix.py:39: UserWarning: grid_sample_gradfix not supported on PyTorch 2.14.0. Falling back to torch.nn.functional.grid_sample().
  warnings.warn(f'grid_sample_gradfix not supported on PyTorch {torch.__version__}. Falling back to torch.nn.functional.grid_sample().')
/Users/twixes/Developer/thispriestdoesnotexist/research/vendor/stylegan2-ada-pytorch/torch_utils/ops/grid_sample_gradfix.py:39: UserWarning: grid_sample_gradfix not supported on PyTorch 2.14.0. Falling back to torch.nn.functional.grid_sample().
  warnings.warn(f'grid_sample_gradfix not supported on PyTorch {torch.__version__}. Falling back to torch.nn.functional.grid_sample().')
/Users/twixes/Developer/thispriestdoesnotexist/research/vendor/stylegan2-ada-pytorch/torch_utils/ops/grid_sample_gradfix.py:39: UserWarning: grid_sample_gradfix not supported on PyTorch 2.14.0. Falling back to torch.nn.functional.grid_sample().
  warnings.warn(f'grid_sample_gradfix not supported on PyTorch {torch.__version__}. Falling back to torch.nn.functional.grid_sample().')
{"step": 4, "images_seen": 256, "kimg": 0.256, "seconds": 54.67001750005875, "augment_p": 0.0, "pl_mean": 0.04041299223899841, "phases": [{"phase": "Gmain", "gain_per_microbatch": 1, "rounds": 8, "seconds": 8.68177420902066}, {"phase": "Dmain", "gain_per_microbatch": 1, "rounds": 8, "seconds": 10.26781791599933}], "statistics": {"Loss/scores/fake": -2.534746691584587, "Loss/signs/fake": -1.0, "Loss/G/loss": 2.604146808385849, "Loss/pl_penalty": 0.2896377332508564, "Loss/G/reg": 0.5792754665017128, "Loss/scores/real": 3.916615307331085, "Loss/signs/real": 1.0, "Loss/D/loss": 0.11808537412434816, "Loss/r1_penalty": 0.15134068951010704, "Loss/D/reg": 0.07567034475505352}}
/Users/twixes/Developer/thispriestdoesnotexist/research/vendor/stylegan2-ada-pytorch/torch_utils/ops/grid_sample_gradfix.py:39: UserWarning: grid_sample_gradfix not supported on PyTorch 2.14.0. Falling back to torch.nn.functional.grid_sample().
  warnings.warn(f'grid_sample_gradfix not supported on PyTorch {torch.__version__}. Falling back to torch.nn.functional.grid_sample().')
/Users/twixes/Developer/thispriestdoesnotexist/research/vendor/stylegan2-ada-pytorch/torch_utils/ops/grid_sample_gradfix.py:39: UserWarning: grid_sample_gradfix not supported on PyTorch 2.14.0. Falling back to torch.nn.functional.grid_sample().
  warnings.warn(f'grid_sample_gradfix not supported on PyTorch {torch.__version__}. Falling back to torch.nn.functional.grid_sample().')
/Users/twixes/Developer/thispriestdoesnotexist/research/vendor/stylegan2-ada-pytorch/torch_utils/ops/grid_sample_gradfix.py:39: UserWarning: grid_sample_gradfix not supported on PyTorch 2.14.0. Falling back to torch.nn.functional.grid_sample().
  warnings.warn(f'grid_sample_gradfix not supported on PyTorch {torch.__version__}. Falling back to torch.nn.functional.grid_sample().')
/Users/twixes/Developer/thispriestdoesnotexist/research/vendor/stylegan2-ada-pytorch/torch_utils/ops/grid_sample_gradfix.py:39: UserWarning: grid_sample_gradfix not supported on PyTorch 2.14.0. Falling back to torch.nn.functional.grid_sample().
  warnings.warn(f'grid_sample_gradfix not supported on PyTorch {torch.__version__}. Falling back to torch.nn.functional.grid_sample().')
/Users/twixes/Developer/thispriestdoesnotexist/research/vendor/stylegan2-ada-pytorch/torch_utils/ops/grid_sample_gradfix.py:39: UserWarning: grid_sample_gradfix not supported on PyTorch 2.14.0. Falling back to torch.nn.functional.grid_sample().
  warnings.warn(f'grid_sample_gradfix not supported on PyTorch {torch.__version__}. Falling back to torch.nn.functional.grid_sample().')
/Users/twixes/Developer/thispriestdoesnotexist/research/vendor/stylegan2-ada-pytorch/torch_utils/ops/grid_sample_gradfix.py:39: UserWarning: grid_sample_gradfix not supported on PyTorch 2.14.0. Falling back to torch.nn.functional.grid_sample().
  warnings.warn(f'grid_sample_gradfix not supported on PyTorch {torch.__version__}. Falling back to torch.nn.functional.grid_sample().')
/Users/twixes/Developer/thispriestdoesnotexist/research/vendor/stylegan2-ada-pytorch/torch_utils/ops/grid_sample_gradfix.py:39: UserWarning: grid_sample_gradfix not supported on PyTorch 2.14.0. Falling back to torch.nn.functional.grid_sample().
  warnings.warn(f'grid_sample_gradfix not supported on PyTorch {torch.__version__}. Falling back to torch.nn.functional.grid_sample().')
/Users/twixes/Developer/thispriestdoesnotexist/research/vendor/stylegan2-ada-pytorch/torch_utils/ops/grid_sample_gradfix.py:39: UserWarning: grid_sample_gradfix not supported on PyTorch 2.14.0. Falling back to torch.nn.functional.grid_sample().
  warnings.warn(f'grid_sample_gradfix not supported on PyTorch {torch.__version__}. Falling back to torch.nn.functional.grid_sample().')
/Users/twixes/Developer/thispriestdoesnotexist/research/vendor/stylegan2-ada-pytorch/torch_utils/ops/grid_sample_gradfix.py:39: UserWarning: grid_sample_gradfix not supported on PyTorch 2.14.0. Falling back to torch.nn.functional.grid_sample().
  warnings.warn(f'grid_sample_gradfix not supported on PyTorch {torch.__version__}. Falling back to torch.nn.functional.grid_sample().')
/Users/twixes/Developer/thispriestdoesnotexist/research/vendor/stylegan2-ada-pytorch/torch_utils/ops/grid_sample_gradfix.py:39: UserWarning: grid_sample_gradfix not supported on PyTorch 2.14.0. Falling back to torch.nn.functional.grid_sample().
  warnings.warn(f'grid_sample_gradfix not supported on PyTorch {torch.__version__}. Falling back to torch.nn.functional.grid_sample().')
/Users/twixes/Developer/thispriestdoesnotexist/research/vendor/stylegan2-ada-pytorch/torch_utils/ops/grid_sample_gradfix.py:39: UserWarning: grid_sample_gradfix not supported on PyTorch 2.14.0. Falling back to torch.nn.functional.grid_sample().
  warnings.warn(f'grid_sample_gradfix not supported on PyTorch {torch.__version__}. Falling back to torch.nn.functional.grid_sample().')
/Users/twixes/Developer/thispriestdoesnotexist/research/vendor/stylegan2-ada-pytorch/torch_utils/ops/grid_sample_gradfix.py:39: UserWarning: grid_sample_gradfix not supported on PyTorch 2.14.0. Falling back to torch.nn.functional.grid_sample().
  warnings.warn(f'grid_sample_gradfix not supported on PyTorch {torch.__version__}. Falling back to torch.nn.functional.grid_sample().')
/Users/twixes/Developer/thispriestdoesnotexist/research/vendor/stylegan2-ada-pytorch/torch_utils/ops/grid_sample_gradfix.py:39: UserWarning: grid_sample_gradfix not supported on PyTorch 2.14.0. Falling back to torch.nn.functional.grid_sample().
  warnings.warn(f'grid_sample_gradfix not supported on PyTorch {torch.__version__}. Falling back to torch.nn.functional.grid_sample().')
/Users/twixes/Developer/thispriestdoesnotexist/research/vendor/stylegan2-ada-pytorch/torch_utils/ops/grid_sample_gradfix.py:39: UserWarning: grid_sample_gradfix not supported on PyTorch 2.14.0. Falling back to torch.nn.functional.grid_sample().
  warnings.warn(f'grid_sample_gradfix not supported on PyTorch {torch.__version__}. Falling back to torch.nn.functional.grid_sample().')
/Users/twixes/Developer/thispriestdoesnotexist/research/vendor/stylegan2-ada-pytorch/torch_utils/ops/grid_sample_gradfix.py:39: UserWarning: grid_sample_gradfix not supported on PyTorch 2.14.0. Falling back to torch.nn.functional.grid_sample().
  warnings.warn(f'grid_sample_gradfix not supported on PyTorch {torch.__version__}. Falling back to torch.nn.functional.grid_sample().')
/Users/twixes/Developer/thispriestdoesnotexist/research/vendor/stylegan2-ada-pytorch/torch_utils/ops/grid_sample_gradfix.py:39: UserWarning: grid_sample_gradfix not supported on PyTorch 2.14.0. Falling back to torch.nn.functional.grid_sample().
  warnings.warn(f'grid_sample_gradfix not supported on PyTorch {torch.__version__}. Falling back to torch.nn.functional.grid_sample().')
/Users/twixes/Developer/thispriestdoesnotexist/research/vendor/stylegan2-ada-pytorch/torch_utils/ops/grid_sample_gradfix.py:39: UserWarning: grid_sample_gradfix not supported on PyTorch 2.14.0. Falling back to torch.nn.functional.grid_sample().
  warnings.warn(f'grid_sample_gradfix not supported on PyTorch {torch.__version__}. Falling back to torch.nn.functional.grid_sample().')
/Users/twixes/Developer/thispriestdoesnotexist/research/vendor/stylegan2-ada-pytorch/torch_utils/ops/grid_sample_gradfix.py:39: UserWarning: grid_sample_gradfix not supported on PyTorch 2.14.0. Falling back to torch.nn.functional.grid_sample().
  warnings.warn(f'grid_sample_gradfix not supported on PyTorch {torch.__version__}. Falling back to torch.nn.functional.grid_sample().')
/Users/twixes/Developer/thispriestdoesnotexist/research/vendor/stylegan2-ada-pytorch/torch_utils/ops/grid_sample_gradfix.py:39: UserWarning: grid_sample_gradfix not supported on PyTorch 2.14.0. Falling back to torch.nn.functional.grid_sample().
  warnings.warn(f'grid_sample_gradfix not supported on PyTorch {torch.__version__}. Falling back to torch.nn.functional.grid_sample().')
/Users/twixes/Developer/thispriestdoesnotexist/research/vendor/stylegan2-ada-pytorch/torch_utils/ops/grid_sample_gradfix.py:39: UserWarning: grid_sample_gradfix not supported on PyTorch 2.14.0. Falling back to torch.nn.functional.grid_sample().
  warnings.warn(f'grid_sample_gradfix not supported on PyTorch {torch.__version__}. Falling back to torch.nn.functional.grid_sample().')
/Users/twixes/Developer/thispriestdoesnotexist/research/vendor/stylegan2-ada-pytorch/torch_utils/ops/grid_sample_gradfix.py:39: UserWarning: grid_sample_gradfix not supported on PyTorch 2.14.0. Falling back to torch.nn.functional.grid_sample().
  warnings.warn(f'grid_sample_gradfix not supported on PyTorch {torch.__version__}. Falling back to torch.nn.functional.grid_sample().')
/Users/twixes/Developer/thispriestdoesnotexist/research/vendor/stylegan2-ada-pytorch/torch_utils/ops/grid_sample_gradfix.py:39: UserWarning: grid_sample_gradfix not supported on PyTorch 2.14.0. Falling back to torch.nn.functional.grid_sample().
  warnings.warn(f'grid_sample_gradfix not supported on PyTorch {torch.__version__}. Falling back to torch.nn.functional.grid_sample().')
/Users/twixes/Developer/thispriestdoesnotexist/research/vendor/stylegan2-ada-pytorch/torch_utils/ops/grid_sample_gradfix.py:39: UserWarning: grid_sample_gradfix not supported on PyTorch 2.14.0. Falling back to torch.nn.functional.grid_sample().
  warnings.warn(f'grid_sample_gradfix not supported on PyTorch {torch.__version__}. Falling back to torch.nn.functional.grid_sample().')
/Users/twixes/Developer/thispriestdoesnotexist/research/vendor/stylegan2-ada-pytorch/torch_utils/ops/grid_sample_gradfix.py:39: UserWarning: grid_sample_gradfix not supported on PyTorch 2.14.0. Falling back to torch.nn.functional.grid_sample().
  warnings.warn(f'grid_sample_gradfix not supported on PyTorch {torch.__version__}. Falling back to torch.nn.functional.grid_sample().')
{"step": 5, "images_seen": 320, "kimg": 0.32, "seconds": 110.27310083305929, "augment_p": 0.0, "pl_mean": 0.07506551593542099, "phases": [{"phase": "Gmain", "gain_per_microbatch": 1, "rounds": 8, "seconds": 5.4294295409927145}, {"phase": "Greg", "gain_per_microbatch": 4, "rounds": 8, "seconds": 39.104104292113334}, {"phase": "Dmain", "gain_per_microbatch": 1, "rounds": 8, "seconds": 11.010175750008784}], "statistics": {"Loss/scores/fake": -2.9183988124132156, "Loss/signs/fake": -1.0, "Loss/G/loss": 3.0132480561733246, "Loss/pl_penalty": 0.19637006521224976, "Loss/G/reg": 0.3927401304244995, "Loss/scores/real": 4.060220390558243, "Loss/signs/real": 1.0, "Loss/D/loss": 0.10106040490791202, "Loss/r1_penalty": 0.15134068951010704, "Loss/D/reg": 0.07567034475505352}}
/Users/twixes/Developer/thispriestdoesnotexist/research/vendor/stylegan2-ada-pytorch/torch_utils/ops/grid_sample_gradfix.py:39: UserWarning: grid_sample_gradfix not supported on PyTorch 2.14.0. Falling back to torch.nn.functional.grid_sample().
  warnings.warn(f'grid_sample_gradfix not supported on PyTorch {torch.__version__}. Falling back to torch.nn.functional.grid_sample().')
/Users/twixes/Developer/thispriestdoesnotexist/research/vendor/stylegan2-ada-pytorch/torch_utils/ops/grid_sample_gradfix.py:39: UserWarning: grid_sample_gradfix not supported on PyTorch 2.14.0. Falling back to torch.nn.functional.grid_sample().
  warnings.warn(f'grid_sample_gradfix not supported on PyTorch {torch.__version__}. Falling back to torch.nn.functional.grid_sample().')
/Users/twixes/Developer/thispriestdoesnotexist/research/vendor/stylegan2-ada-pytorch/torch_utils/ops/grid_sample_gradfix.py:39: UserWarning: grid_sample_gradfix not supported on PyTorch 2.14.0. Falling back to torch.nn.functional.grid_sample().
  warnings.warn(f'grid_sample_gradfix not supported on PyTorch {torch.__version__}. Falling back to torch.nn.functional.grid_sample().')
/Users/twixes/Developer/thispriestdoesnotexist/research/vendor/stylegan2-ada-pytorch/torch_utils/ops/grid_sample_gradfix.py:39: UserWarning: grid_sample_gradfix not supported on PyTorch 2.14.0. Falling back to torch.nn.functional.grid_sample().
  warnings.warn(f'grid_sample_gradfix not supported on PyTorch {torch.__version__}. Falling back to torch.nn.functional.grid_sample().')
/Users/twixes/Developer/thispriestdoesnotexist/research/vendor/stylegan2-ada-pytorch/torch_utils/ops/grid_sample_gradfix.py:39: UserWarning: grid_sample_gradfix not supported on PyTorch 2.14.0. Falling back to torch.nn.functional.grid_sample().
  warnings.warn(f'grid_sample_gradfix not supported on PyTorch {torch.__version__}. Falling back to torch.nn.functional.grid_sample().')
/Users/twixes/Developer/thispriestdoesnotexist/research/vendor/stylegan2-ada-pytorch/torch_utils/ops/grid_sample_gradfix.py:39: UserWarning: grid_sample_gradfix not supported on PyTorch 2.14.0. Falling back to torch.nn.functional.grid_sample().
  warnings.warn(f'grid_sample_gradfix not supported on PyTorch {torch.__version__}. Falling back to torch.nn.functional.grid_sample().')
/Users/twixes/Developer/thispriestdoesnotexist/research/vendor/stylegan2-ada-pytorch/torch_utils/ops/grid_sample_gradfix.py:39: UserWarning: grid_sample_gradfix not supported on PyTorch 2.14.0. Falling back to torch.nn.functional.grid_sample().
  warnings.warn(f'grid_sample_gradfix not supported on PyTorch {torch.__version__}. Falling back to torch.nn.functional.grid_sample().')
/Users/twixes/Developer/thispriestdoesnotexist/research/vendor/stylegan2-ada-pytorch/torch_utils/ops/grid_sample_gradfix.py:39: UserWarning: grid_sample_gradfix not supported on PyTorch 2.14.0. Falling back to torch.nn.functional.grid_sample().
  warnings.warn(f'grid_sample_gradfix not supported on PyTorch {torch.__version__}. Falling back to torch.nn.functional.grid_sample().')
/Users/twixes/Developer/thispriestdoesnotexist/research/vendor/stylegan2-ada-pytorch/torch_utils/ops/grid_sample_gradfix.py:39: UserWarning: grid_sample_gradfix not supported on PyTorch 2.14.0. Falling back to torch.nn.functional.grid_sample().
  warnings.warn(f'grid_sample_gradfix not supported on PyTorch {torch.__version__}. Falling back to torch.nn.functional.grid_sample().')
/Users/twixes/Developer/thispriestdoesnotexist/research/vendor/stylegan2-ada-pytorch/torch_utils/ops/grid_sample_gradfix.py:39: UserWarning: grid_sample_gradfix not supported on PyTorch 2.14.0. Falling back to torch.nn.functional.grid_sample().
  warnings.warn(f'grid_sample_gradfix not supported on PyTorch {torch.__version__}. Falling back to torch.nn.functional.grid_sample().')
/Users/twixes/Developer/thispriestdoesnotexist/research/vendor/stylegan2-ada-pytorch/torch_utils/ops/grid_sample_gradfix.py:39: UserWarning: grid_sample_gradfix not supported on PyTorch 2.14.0. Falling back to torch.nn.functional.grid_sample().
  warnings.warn(f'grid_sample_gradfix not supported on PyTorch {torch.__version__}. Falling back to torch.nn.functional.grid_sample().')
/Users/twixes/Developer/thispriestdoesnotexist/research/vendor/stylegan2-ada-pytorch/torch_utils/ops/grid_sample_gradfix.py:39: UserWarning: grid_sample_gradfix not supported on PyTorch 2.14.0. Falling back to torch.nn.functional.grid_sample().
  warnings.warn(f'grid_sample_gradfix not supported on PyTorch {torch.__version__}. Falling back to torch.nn.functional.grid_sample().')
/Users/twixes/Developer/thispriestdoesnotexist/research/vendor/stylegan2-ada-pytorch/torch_utils/ops/grid_sample_gradfix.py:39: UserWarning: grid_sample_gradfix not supported on PyTorch 2.14.0. Falling back to torch.nn.functional.grid_sample().
  warnings.warn(f'grid_sample_gradfix not supported on PyTorch {torch.__version__}. Falling back to torch.nn.functional.grid_sample().')
/Users/twixes/Developer/thispriestdoesnotexist/research/vendor/stylegan2-ada-pytorch/torch_utils/ops/grid_sample_gradfix.py:39: UserWarning: grid_sample_gradfix not supported on PyTorch 2.14.0. Falling back to torch.nn.functional.grid_sample().
  warnings.warn(f'grid_sample_gradfix not supported on PyTorch {torch.__version__}. Falling back to torch.nn.functional.grid_sample().')
/Users/twixes/Developer/thispriestdoesnotexist/research/vendor/stylegan2-ada-pytorch/torch_utils/ops/grid_sample_gradfix.py:39: UserWarning: grid_sample_gradfix not supported on PyTorch 2.14.0. Falling back to torch.nn.functional.grid_sample().
  warnings.warn(f'grid_sample_gradfix not supported on PyTorch {torch.__version__}. Falling back to torch.nn.functional.grid_sample().')
/Users/twixes/Developer/thispriestdoesnotexist/research/vendor/stylegan2-ada-pytorch/torch_utils/ops/grid_sample_gradfix.py:39: UserWarning: grid_sample_gradfix not supported on PyTorch 2.14.0. Falling back to torch.nn.functional.grid_sample().
  warnings.warn(f'grid_sample_gradfix not supported on PyTorch {torch.__version__}. Falling back to torch.nn.functional.grid_sample().')
/Users/twixes/Developer/thispriestdoesnotexist/research/vendor/stylegan2-ada-pytorch/torch_utils/ops/grid_sample_gradfix.py:39: UserWarning: grid_sample_gradfix not supported on PyTorch 2.14.0. Falling back to torch.nn.functional.grid_sample().
  warnings.warn(f'grid_sample_gradfix not supported on PyTorch {torch.__version__}. Falling back to torch.nn.functional.grid_sample().')
/Users/twixes/Developer/thispriestdoesnotexist/research/vendor/stylegan2-ada-pytorch/torch_utils/ops/grid_sample_gradfix.py:39: UserWarning: grid_sample_gradfix not supported on PyTorch 2.14.0. Falling back to torch.nn.functional.grid_sample().
  warnings.warn(f'grid_sample_gradfix not supported on PyTorch {torch.__version__}. Falling back to torch.nn.functional.grid_sample().')
/Users/twixes/Developer/thispriestdoesnotexist/research/vendor/stylegan2-ada-pytorch/torch_utils/ops/grid_sample_gradfix.py:39: UserWarning: grid_sample_gradfix not supported on PyTorch 2.14.0. Falling back to torch.nn.functional.grid_sample().
  warnings.warn(f'grid_sample_gradfix not supported on PyTorch {torch.__version__}. Falling back to torch.nn.functional.grid_sample().')
/Users/twixes/Developer/thispriestdoesnotexist/research/vendor/stylegan2-ada-pytorch/torch_utils/ops/grid_sample_gradfix.py:39: UserWarning: grid_sample_gradfix not supported on PyTorch 2.14.0. Falling back to torch.nn.functional.grid_sample().
  warnings.warn(f'grid_sample_gradfix not supported on PyTorch {torch.__version__}. Falling back to torch.nn.functional.grid_sample().')
/Users/twixes/Developer/thispriestdoesnotexist/research/vendor/stylegan2-ada-pytorch/torch_utils/ops/grid_sample_gradfix.py:39: UserWarning: grid_sample_gradfix not supported on PyTorch 2.14.0. Falling back to torch.nn.functional.grid_sample().
  warnings.warn(f'grid_sample_gradfix not supported on PyTorch {torch.__version__}. Falling back to torch.nn.functional.grid_sample().')
/Users/twixes/Developer/thispriestdoesnotexist/research/vendor/stylegan2-ada-pytorch/torch_utils/ops/grid_sample_gradfix.py:39: UserWarning: grid_sample_gradfix not supported on PyTorch 2.14.0. Falling back to torch.nn.functional.grid_sample().
  warnings.warn(f'grid_sample_gradfix not supported on PyTorch {torch.__version__}. Falling back to torch.nn.functional.grid_sample().')
/Users/twixes/Developer/thispriestdoesnotexist/research/vendor/stylegan2-ada-pytorch/torch_utils/ops/grid_sample_gradfix.py:39: UserWarning: grid_sample_gradfix not supported on PyTorch 2.14.0. Falling back to torch.nn.functional.grid_sample().
  warnings.warn(f'grid_sample_gradfix not supported on PyTorch {torch.__version__}. Falling back to torch.nn.functional.grid_sample().')
/Users/twixes/Developer/thispriestdoesnotexist/research/vendor/stylegan2-ada-pytorch/torch_utils/ops/grid_sample_gradfix.py:39: UserWarning: grid_sample_gradfix not supported on PyTorch 2.14.0. Falling back to torch.nn.functional.grid_sample().
  warnings.warn(f'grid_sample_gradfix not supported on PyTorch {torch.__version__}. Falling back to torch.nn.functional.grid_sample().')
{"step": 6, "images_seen": 384, "kimg": 0.384, "seconds": 130.64507062500343, "augment_p": 0.0, "pl_mean": 0.07506551593542099, "phases": [{"phase": "Gmain", "gain_per_microbatch": 1, "rounds": 8, "seconds": 8.646825417061336}, {"phase": "Dmain", "gain_per_microbatch": 1, "rounds": 8, "seconds": 11.332864540978335}], "statistics": {"Loss/scores/fake": -3.385107547044754, "Loss/signs/fake": -1.0, "Loss/G/loss": 3.535401403903961, "Loss/pl_penalty": 0.19637006521224976, "Loss/G/reg": 0.3927401304244995, "Loss/scores/real": 4.293963313102722, "Loss/signs/real": 1.0, "Loss/D/loss": 0.06947067845612764, "Loss/r1_penalty": 0.15134068951010704, "Loss/D/reg": 0.07567034475505352}}
/Users/twixes/Developer/thispriestdoesnotexist/research/vendor/stylegan2-ada-pytorch/torch_utils/ops/grid_sample_gradfix.py:39: UserWarning: grid_sample_gradfix not supported on PyTorch 2.14.0. Falling back to torch.nn.functional.grid_sample().
  warnings.warn(f'grid_sample_gradfix not supported on PyTorch {torch.__version__}. Falling back to torch.nn.functional.grid_sample().')
/Users/twixes/Developer/thispriestdoesnotexist/research/vendor/stylegan2-ada-pytorch/torch_utils/ops/grid_sample_gradfix.py:39: UserWarning: grid_sample_gradfix not supported on PyTorch 2.14.0. Falling back to torch.nn.functional.grid_sample().
  warnings.warn(f'grid_sample_gradfix not supported on PyTorch {torch.__version__}. Falling back to torch.nn.functional.grid_sample().')
/Users/twixes/Developer/thispriestdoesnotexist/research/vendor/stylegan2-ada-pytorch/torch_utils/ops/grid_sample_gradfix.py:39: UserWarning: grid_sample_gradfix not supported on PyTorch 2.14.0. Falling back to torch.nn.functional.grid_sample().
  warnings.warn(f'grid_sample_gradfix not supported on PyTorch {torch.__version__}. Falling back to torch.nn.functional.grid_sample().')
/Users/twixes/Developer/thispriestdoesnotexist/research/vendor/stylegan2-ada-pytorch/torch_utils/ops/grid_sample_gradfix.py:39: UserWarning: grid_sample_gradfix not supported on PyTorch 2.14.0. Falling back to torch.nn.functional.grid_sample().
  warnings.warn(f'grid_sample_gradfix not supported on PyTorch {torch.__version__}. Falling back to torch.nn.functional.grid_sample().')
/Users/twixes/Developer/thispriestdoesnotexist/research/vendor/stylegan2-ada-pytorch/torch_utils/ops/grid_sample_gradfix.py:39: UserWarning: grid_sample_gradfix not supported on PyTorch 2.14.0. Falling back to torch.nn.functional.grid_sample().
  warnings.warn(f'grid_sample_gradfix not supported on PyTorch {torch.__version__}. Falling back to torch.nn.functional.grid_sample().')
/Users/twixes/Developer/thispriestdoesnotexist/research/vendor/stylegan2-ada-pytorch/torch_utils/ops/grid_sample_gradfix.py:39: UserWarning: grid_sample_gradfix not supported on PyTorch 2.14.0. Falling back to torch.nn.functional.grid_sample().
  warnings.warn(f'grid_sample_gradfix not supported on PyTorch {torch.__version__}. Falling back to torch.nn.functional.grid_sample().')
/Users/twixes/Developer/thispriestdoesnotexist/research/vendor/stylegan2-ada-pytorch/torch_utils/ops/grid_sample_gradfix.py:39: UserWarning: grid_sample_gradfix not supported on PyTorch 2.14.0. Falling back to torch.nn.functional.grid_sample().
  warnings.warn(f'grid_sample_gradfix not supported on PyTorch {torch.__version__}. Falling back to torch.nn.functional.grid_sample().')
/Users/twixes/Developer/thispriestdoesnotexist/research/vendor/stylegan2-ada-pytorch/torch_utils/ops/grid_sample_gradfix.py:39: UserWarning: grid_sample_gradfix not supported on PyTorch 2.14.0. Falling back to torch.nn.functional.grid_sample().
  warnings.warn(f'grid_sample_gradfix not supported on PyTorch {torch.__version__}. Falling back to torch.nn.functional.grid_sample().')
/Users/twixes/Developer/thispriestdoesnotexist/research/vendor/stylegan2-ada-pytorch/torch_utils/ops/grid_sample_gradfix.py:39: UserWarning: grid_sample_gradfix not supported on PyTorch 2.14.0. Falling back to torch.nn.functional.grid_sample().
  warnings.warn(f'grid_sample_gradfix not supported on PyTorch {torch.__version__}. Falling back to torch.nn.functional.grid_sample().')
/Users/twixes/Developer/thispriestdoesnotexist/research/vendor/stylegan2-ada-pytorch/torch_utils/ops/grid_sample_gradfix.py:39: UserWarning: grid_sample_gradfix not supported on PyTorch 2.14.0. Falling back to torch.nn.functional.grid_sample().
  warnings.warn(f'grid_sample_gradfix not supported on PyTorch {torch.__version__}. Falling back to torch.nn.functional.grid_sample().')
/Users/twixes/Developer/thispriestdoesnotexist/research/vendor/stylegan2-ada-pytorch/torch_utils/ops/grid_sample_gradfix.py:39: UserWarning: grid_sample_gradfix not supported on PyTorch 2.14.0. Falling back to torch.nn.functional.grid_sample().
  warnings.warn(f'grid_sample_gradfix not supported on PyTorch {torch.__version__}. Falling back to torch.nn.functional.grid_sample().')
/Users/twixes/Developer/thispriestdoesnotexist/research/vendor/stylegan2-ada-pytorch/torch_utils/ops/grid_sample_gradfix.py:39: UserWarning: grid_sample_gradfix not supported on PyTorch 2.14.0. Falling back to torch.nn.functional.grid_sample().
  warnings.warn(f'grid_sample_gradfix not supported on PyTorch {torch.__version__}. Falling back to torch.nn.functional.grid_sample().')
/Users/twixes/Developer/thispriestdoesnotexist/research/vendor/stylegan2-ada-pytorch/torch_utils/ops/grid_sample_gradfix.py:39: UserWarning: grid_sample_gradfix not supported on PyTorch 2.14.0. Falling back to torch.nn.functional.grid_sample().
  warnings.warn(f'grid_sample_gradfix not supported on PyTorch {torch.__version__}. Falling back to torch.nn.functional.grid_sample().')
/Users/twixes/Developer/thispriestdoesnotexist/research/vendor/stylegan2-ada-pytorch/torch_utils/ops/grid_sample_gradfix.py:39: UserWarning: grid_sample_gradfix not supported on PyTorch 2.14.0. Falling back to torch.nn.functional.grid_sample().
  warnings.warn(f'grid_sample_gradfix not supported on PyTorch {torch.__version__}. Falling back to torch.nn.functional.grid_sample().')
/Users/twixes/Developer/thispriestdoesnotexist/research/vendor/stylegan2-ada-pytorch/torch_utils/ops/grid_sample_gradfix.py:39: UserWarning: grid_sample_gradfix not supported on PyTorch 2.14.0. Falling back to torch.nn.functional.grid_sample().
  warnings.warn(f'grid_sample_gradfix not supported on PyTorch {torch.__version__}. Falling back to torch.nn.functional.grid_sample().')
/Users/twixes/Developer/thispriestdoesnotexist/research/vendor/stylegan2-ada-pytorch/torch_utils/ops/grid_sample_gradfix.py:39: UserWarning: grid_sample_gradfix not supported on PyTorch 2.14.0. Falling back to torch.nn.functional.grid_sample().
  warnings.warn(f'grid_sample_gradfix not supported on PyTorch {torch.__version__}. Falling back to torch.nn.functional.grid_sample().')
/Users/twixes/Developer/thispriestdoesnotexist/research/vendor/stylegan2-ada-pytorch/torch_utils/ops/grid_sample_gradfix.py:39: UserWarning: grid_sample_gradfix not supported on PyTorch 2.14.0. Falling back to torch.nn.functional.grid_sample().
  warnings.warn(f'grid_sample_gradfix not supported on PyTorch {torch.__version__}. Falling back to torch.nn.functional.grid_sample().')
/Users/twixes/Developer/thispriestdoesnotexist/research/vendor/stylegan2-ada-pytorch/torch_utils/ops/grid_sample_gradfix.py:39: UserWarning: grid_sample_gradfix not supported on PyTorch 2.14.0. Falling back to torch.nn.functional.grid_sample().
  warnings.warn(f'grid_sample_gradfix not supported on PyTorch {torch.__version__}. Falling back to torch.nn.functional.grid_sample().')
/Users/twixes/Developer/thispriestdoesnotexist/research/vendor/stylegan2-ada-pytorch/torch_utils/ops/grid_sample_gradfix.py:39: UserWarning: grid_sample_gradfix not supported on PyTorch 2.14.0. Falling back to torch.nn.functional.grid_sample().
  warnings.warn(f'grid_sample_gradfix not supported on PyTorch {torch.__version__}. Falling back to torch.nn.functional.grid_sample().')
/Users/twixes/Developer/thispriestdoesnotexist/research/vendor/stylegan2-ada-pytorch/torch_utils/ops/grid_sample_gradfix.py:39: UserWarning: grid_sample_gradfix not supported on PyTorch 2.14.0. Falling back to torch.nn.functional.grid_sample().
  warnings.warn(f'grid_sample_gradfix not supported on PyTorch {torch.__version__}. Falling back to torch.nn.functional.grid_sample().')
/Users/twixes/Developer/thispriestdoesnotexist/research/vendor/stylegan2-ada-pytorch/torch_utils/ops/grid_sample_gradfix.py:39: UserWarning: grid_sample_gradfix not supported on PyTorch 2.14.0. Falling back to torch.nn.functional.grid_sample().
  warnings.warn(f'grid_sample_gradfix not supported on PyTorch {torch.__version__}. Falling back to torch.nn.functional.grid_sample().')
/Users/twixes/Developer/thispriestdoesnotexist/research/vendor/stylegan2-ada-pytorch/torch_utils/ops/grid_sample_gradfix.py:39: UserWarning: grid_sample_gradfix not supported on PyTorch 2.14.0. Falling back to torch.nn.functional.grid_sample().
  warnings.warn(f'grid_sample_gradfix not supported on PyTorch {torch.__version__}. Falling back to torch.nn.functional.grid_sample().')
/Users/twixes/Developer/thispriestdoesnotexist/research/vendor/stylegan2-ada-pytorch/torch_utils/ops/grid_sample_gradfix.py:39: UserWarning: grid_sample_gradfix not supported on PyTorch 2.14.0. Falling back to torch.nn.functional.grid_sample().
  warnings.warn(f'grid_sample_gradfix not supported on PyTorch {torch.__version__}. Falling back to torch.nn.functional.grid_sample().')
/Users/twixes/Developer/thispriestdoesnotexist/research/vendor/stylegan2-ada-pytorch/torch_utils/ops/grid_sample_gradfix.py:39: UserWarning: grid_sample_gradfix not supported on PyTorch 2.14.0. Falling back to torch.nn.functional.grid_sample().
  warnings.warn(f'grid_sample_gradfix not supported on PyTorch {torch.__version__}. Falling back to torch.nn.functional.grid_sample().')
{"step": 7, "images_seen": 448, "kimg": 0.448, "seconds": 150.02798137511127, "augment_p": 0.0, "pl_mean": 0.07506551593542099, "phases": [{"phase": "Gmain", "gain_per_microbatch": 1, "rounds": 8, "seconds": 8.51772224996239}, {"phase": "Dmain", "gain_per_microbatch": 1, "rounds": 8, "seconds": 10.41468500008341}], "statistics": {"Loss/scores/fake": -3.287343218922615, "Loss/signs/fake": -1.0, "Loss/G/loss": 3.5350432693958282, "Loss/pl_penalty": 0.19637006521224976, "Loss/G/reg": 0.3927401304244995, "Loss/scores/real": 4.77061003446579, "Loss/signs/real": 1.0, "Loss/D/loss": 0.07884315447881818, "Loss/r1_penalty": 0.15134068951010704, "Loss/D/reg": 0.07567034475505352}}
/Users/twixes/Developer/thispriestdoesnotexist/research/vendor/stylegan2-ada-pytorch/torch_utils/ops/grid_sample_gradfix.py:39: UserWarning: grid_sample_gradfix not supported on PyTorch 2.14.0. Falling back to torch.nn.functional.grid_sample().
  warnings.warn(f'grid_sample_gradfix not supported on PyTorch {torch.__version__}. Falling back to torch.nn.functional.grid_sample().')
/Users/twixes/Developer/thispriestdoesnotexist/research/vendor/stylegan2-ada-pytorch/torch_utils/ops/grid_sample_gradfix.py:39: UserWarning: grid_sample_gradfix not supported on PyTorch 2.14.0. Falling back to torch.nn.functional.grid_sample().
  warnings.warn(f'grid_sample_gradfix not supported on PyTorch {torch.__version__}. Falling back to torch.nn.functional.grid_sample().')
/Users/twixes/Developer/thispriestdoesnotexist/research/vendor/stylegan2-ada-pytorch/torch_utils/ops/grid_sample_gradfix.py:39: UserWarning: grid_sample_gradfix not supported on PyTorch 2.14.0. Falling back to torch.nn.functional.grid_sample().
  warnings.warn(f'grid_sample_gradfix not supported on PyTorch {torch.__version__}. Falling back to torch.nn.functional.grid_sample().')
/Users/twixes/Developer/thispriestdoesnotexist/research/vendor/stylegan2-ada-pytorch/torch_utils/ops/grid_sample_gradfix.py:39: UserWarning: grid_sample_gradfix not supported on PyTorch 2.14.0. Falling back to torch.nn.functional.grid_sample().
  warnings.warn(f'grid_sample_gradfix not supported on PyTorch {torch.__version__}. Falling back to torch.nn.functional.grid_sample().')
/Users/twixes/Developer/thispriestdoesnotexist/research/vendor/stylegan2-ada-pytorch/torch_utils/ops/grid_sample_gradfix.py:39: UserWarning: grid_sample_gradfix not supported on PyTorch 2.14.0. Falling back to torch.nn.functional.grid_sample().
  warnings.warn(f'grid_sample_gradfix not supported on PyTorch {torch.__version__}. Falling back to torch.nn.functional.grid_sample().')
/Users/twixes/Developer/thispriestdoesnotexist/research/vendor/stylegan2-ada-pytorch/torch_utils/ops/grid_sample_gradfix.py:39: UserWarning: grid_sample_gradfix not supported on PyTorch 2.14.0. Falling back to torch.nn.functional.grid_sample().
  warnings.warn(f'grid_sample_gradfix not supported on PyTorch {torch.__version__}. Falling back to torch.nn.functional.grid_sample().')
/Users/twixes/Developer/thispriestdoesnotexist/research/vendor/stylegan2-ada-pytorch/torch_utils/ops/grid_sample_gradfix.py:39: UserWarning: grid_sample_gradfix not supported on PyTorch 2.14.0. Falling back to torch.nn.functional.grid_sample().
  warnings.warn(f'grid_sample_gradfix not supported on PyTorch {torch.__version__}. Falling back to torch.nn.functional.grid_sample().')
/Users/twixes/Developer/thispriestdoesnotexist/research/vendor/stylegan2-ada-pytorch/torch_utils/ops/grid_sample_gradfix.py:39: UserWarning: grid_sample_gradfix not supported on PyTorch 2.14.0. Falling back to torch.nn.functional.grid_sample().
  warnings.warn(f'grid_sample_gradfix not supported on PyTorch {torch.__version__}. Falling back to torch.nn.functional.grid_sample().')
/Users/twixes/Developer/thispriestdoesnotexist/research/vendor/stylegan2-ada-pytorch/torch_utils/ops/grid_sample_gradfix.py:39: UserWarning: grid_sample_gradfix not supported on PyTorch 2.14.0. Falling back to torch.nn.functional.grid_sample().
  warnings.warn(f'grid_sample_gradfix not supported on PyTorch {torch.__version__}. Falling back to torch.nn.functional.grid_sample().')
/Users/twixes/Developer/thispriestdoesnotexist/research/vendor/stylegan2-ada-pytorch/torch_utils/ops/grid_sample_gradfix.py:39: UserWarning: grid_sample_gradfix not supported on PyTorch 2.14.0. Falling back to torch.nn.functional.grid_sample().
  warnings.warn(f'grid_sample_gradfix not supported on PyTorch {torch.__version__}. Falling back to torch.nn.functional.grid_sample().')
/Users/twixes/Developer/thispriestdoesnotexist/research/vendor/stylegan2-ada-pytorch/torch_utils/ops/grid_sample_gradfix.py:39: UserWarning: grid_sample_gradfix not supported on PyTorch 2.14.0. Falling back to torch.nn.functional.grid_sample().
  warnings.warn(f'grid_sample_gradfix not supported on PyTorch {torch.__version__}. Falling back to torch.nn.functional.grid_sample().')
/Users/twixes/Developer/thispriestdoesnotexist/research/vendor/stylegan2-ada-pytorch/torch_utils/ops/grid_sample_gradfix.py:39: UserWarning: grid_sample_gradfix not supported on PyTorch 2.14.0. Falling back to torch.nn.functional.grid_sample().
  warnings.warn(f'grid_sample_gradfix not supported on PyTorch {torch.__version__}. Falling back to torch.nn.functional.grid_sample().')
/Users/twixes/Developer/thispriestdoesnotexist/research/vendor/stylegan2-ada-pytorch/torch_utils/ops/grid_sample_gradfix.py:39: UserWarning: grid_sample_gradfix not supported on PyTorch 2.14.0. Falling back to torch.nn.functional.grid_sample().
  warnings.warn(f'grid_sample_gradfix not supported on PyTorch {torch.__version__}. Falling back to torch.nn.functional.grid_sample().')
/Users/twixes/Developer/thispriestdoesnotexist/research/vendor/stylegan2-ada-pytorch/torch_utils/ops/grid_sample_gradfix.py:39: UserWarning: grid_sample_gradfix not supported on PyTorch 2.14.0. Falling back to torch.nn.functional.grid_sample().
  warnings.warn(f'grid_sample_gradfix not supported on PyTorch {torch.__version__}. Falling back to torch.nn.functional.grid_sample().')
/Users/twixes/Developer/thispriestdoesnotexist/research/vendor/stylegan2-ada-pytorch/torch_utils/ops/grid_sample_gradfix.py:39: UserWarning: grid_sample_gradfix not supported on PyTorch 2.14.0. Falling back to torch.nn.functional.grid_sample().
  warnings.warn(f'grid_sample_gradfix not supported on PyTorch {torch.__version__}. Falling back to torch.nn.functional.grid_sample().')
/Users/twixes/Developer/thispriestdoesnotexist/research/vendor/stylegan2-ada-pytorch/torch_utils/ops/grid_sample_gradfix.py:39: UserWarning: grid_sample_gradfix not supported on PyTorch 2.14.0. Falling back to torch.nn.functional.grid_sample().
  warnings.warn(f'grid_sample_gradfix not supported on PyTorch {torch.__version__}. Falling back to torch.nn.functional.grid_sample().')
/Users/twixes/Developer/thispriestdoesnotexist/research/vendor/stylegan2-ada-pytorch/torch_utils/ops/grid_sample_gradfix.py:39: UserWarning: grid_sample_gradfix not supported on PyTorch 2.14.0. Falling back to torch.nn.functional.grid_sample().
  warnings.warn(f'grid_sample_gradfix not supported on PyTorch {torch.__version__}. Falling back to torch.nn.functional.grid_sample().')
/Users/twixes/Developer/thispriestdoesnotexist/research/vendor/stylegan2-ada-pytorch/torch_utils/ops/grid_sample_gradfix.py:39: UserWarning: grid_sample_gradfix not supported on PyTorch 2.14.0. Falling back to torch.nn.functional.grid_sample().
  warnings.warn(f'grid_sample_gradfix not supported on PyTorch {torch.__version__}. Falling back to torch.nn.functional.grid_sample().')
/Users/twixes/Developer/thispriestdoesnotexist/research/vendor/stylegan2-ada-pytorch/torch_utils/ops/grid_sample_gradfix.py:39: UserWarning: grid_sample_gradfix not supported on PyTorch 2.14.0. Falling back to torch.nn.functional.grid_sample().
  warnings.warn(f'grid_sample_gradfix not supported on PyTorch {torch.__version__}. Falling back to torch.nn.functional.grid_sample().')
/Users/twixes/Developer/thispriestdoesnotexist/research/vendor/stylegan2-ada-pytorch/torch_utils/ops/grid_sample_gradfix.py:39: UserWarning: grid_sample_gradfix not supported on PyTorch 2.14.0. Falling back to torch.nn.functional.grid_sample().
  warnings.warn(f'grid_sample_gradfix not supported on PyTorch {torch.__version__}. Falling back to torch.nn.functional.grid_sample().')
/Users/twixes/Developer/thispriestdoesnotexist/research/vendor/stylegan2-ada-pytorch/torch_utils/ops/grid_sample_gradfix.py:39: UserWarning: grid_sample_gradfix not supported on PyTorch 2.14.0. Falling back to torch.nn.functional.grid_sample().
  warnings.warn(f'grid_sample_gradfix not supported on PyTorch {torch.__version__}. Falling back to torch.nn.functional.grid_sample().')
/Users/twixes/Developer/thispriestdoesnotexist/research/vendor/stylegan2-ada-pytorch/torch_utils/ops/grid_sample_gradfix.py:39: UserWarning: grid_sample_gradfix not supported on PyTorch 2.14.0. Falling back to torch.nn.functional.grid_sample().
  warnings.warn(f'grid_sample_gradfix not supported on PyTorch {torch.__version__}. Falling back to torch.nn.functional.grid_sample().')
/Users/twixes/Developer/thispriestdoesnotexist/research/vendor/stylegan2-ada-pytorch/torch_utils/ops/grid_sample_gradfix.py:39: UserWarning: grid_sample_gradfix not supported on PyTorch 2.14.0. Falling back to torch.nn.functional.grid_sample().
  warnings.warn(f'grid_sample_gradfix not supported on PyTorch {torch.__version__}. Falling back to torch.nn.functional.grid_sample().')
/Users/twixes/Developer/thispriestdoesnotexist/research/vendor/stylegan2-ada-pytorch/torch_utils/ops/grid_sample_gradfix.py:39: UserWarning: grid_sample_gradfix not supported on PyTorch 2.14.0. Falling back to torch.nn.functional.grid_sample().
  warnings.warn(f'grid_sample_gradfix not supported on PyTorch {torch.__version__}. Falling back to torch.nn.functional.grid_sample().')
{"step": 8, "images_seen": 512, "kimg": 0.512, "seconds": 163.31884612503927, "augment_p": 0.0025599999353289604, "pl_mean": 0.07506551593542099, "phases": [{"phase": "Gmain", "gain_per_microbatch": 1, "rounds": 8, "seconds": 5.40177729097195}, {"phase": "Dmain", "gain_per_microbatch": 1, "rounds": 8, "seconds": 7.5926710000494495}], "statistics": {"Loss/scores/fake": -3.962346524000168, "Loss/signs/fake": -1.0, "Loss/G/loss": 4.1444253623485565, "Loss/pl_penalty": 0.19637006521224976, "Loss/G/reg": 0.3927401304244995, "Loss/scores/real": 4.3652051985263824, "Loss/signs/real": 1.0, "Loss/D/loss": 0.0528674591332674, "Loss/r1_penalty": 0.15134068951010704, "Loss/D/reg": 0.07567034475505352}}
/Users/twixes/Developer/thispriestdoesnotexist/research/vendor/stylegan2-ada-pytorch/torch_utils/ops/grid_sample_gradfix.py:39: UserWarning: grid_sample_gradfix not supported on PyTorch 2.14.0. Falling back to torch.nn.functional.grid_sample().
  warnings.warn(f'grid_sample_gradfix not supported on PyTorch {torch.__version__}. Falling back to torch.nn.functional.grid_sample().')
/Users/twixes/Developer/thispriestdoesnotexist/research/vendor/stylegan2-ada-pytorch/torch_utils/ops/grid_sample_gradfix.py:39: UserWarning: grid_sample_gradfix not supported on PyTorch 2.14.0. Falling back to torch.nn.functional.grid_sample().
  warnings.warn(f'grid_sample_gradfix not supported on PyTorch {torch.__version__}. Falling back to torch.nn.functional.grid_sample().')
/Users/twixes/Developer/thispriestdoesnotexist/research/vendor/stylegan2-ada-pytorch/torch_utils/ops/grid_sample_gradfix.py:39: UserWarning: grid_sample_gradfix not supported on PyTorch 2.14.0. Falling back to torch.nn.functional.grid_sample().
  warnings.warn(f'grid_sample_gradfix not supported on PyTorch {torch.__version__}. Falling back to torch.nn.functional.grid_sample().')
/Users/twixes/Developer/thispriestdoesnotexist/research/vendor/stylegan2-ada-pytorch/torch_utils/ops/grid_sample_gradfix.py:39: UserWarning: grid_sample_gradfix not supported on PyTorch 2.14.0. Falling back to torch.nn.functional.grid_sample().
  warnings.warn(f'grid_sample_gradfix not supported on PyTorch {torch.__version__}. Falling back to torch.nn.functional.grid_sample().')
/Users/twixes/Developer/thispriestdoesnotexist/research/vendor/stylegan2-ada-pytorch/torch_utils/ops/grid_sample_gradfix.py:39: UserWarning: grid_sample_gradfix not supported on PyTorch 2.14.0. Falling back to torch.nn.functional.grid_sample().
  warnings.warn(f'grid_sample_gradfix not supported on PyTorch {torch.__version__}. Falling back to torch.nn.functional.grid_sample().')
/Users/twixes/Developer/thispriestdoesnotexist/research/vendor/stylegan2-ada-pytorch/torch_utils/ops/grid_sample_gradfix.py:39: UserWarning: grid_sample_gradfix not supported on PyTorch 2.14.0. Falling back to torch.nn.functional.grid_sample().
  warnings.warn(f'grid_sample_gradfix not supported on PyTorch {torch.__version__}. Falling back to torch.nn.functional.grid_sample().')
/Users/twixes/Developer/thispriestdoesnotexist/research/vendor/stylegan2-ada-pytorch/torch_utils/ops/grid_sample_gradfix.py:39: UserWarning: grid_sample_gradfix not supported on PyTorch 2.14.0. Falling back to torch.nn.functional.grid_sample().
  warnings.warn(f'grid_sample_gradfix not supported on PyTorch {torch.__version__}. Falling back to torch.nn.functional.grid_sample().')
/Users/twixes/Developer/thispriestdoesnotexist/research/vendor/stylegan2-ada-pytorch/torch_utils/ops/grid_sample_gradfix.py:39: UserWarning: grid_sample_gradfix not supported on PyTorch 2.14.0. Falling back to torch.nn.functional.grid_sample().
  warnings.warn(f'grid_sample_gradfix not supported on PyTorch {torch.__version__}. Falling back to torch.nn.functional.grid_sample().')
/Users/twixes/Developer/thispriestdoesnotexist/research/vendor/stylegan2-ada-pytorch/torch_utils/ops/grid_sample_gradfix.py:39: UserWarning: grid_sample_gradfix not supported on PyTorch 2.14.0. Falling back to torch.nn.functional.grid_sample().
  warnings.warn(f'grid_sample_gradfix not supported on PyTorch {torch.__version__}. Falling back to torch.nn.functional.grid_sample().')
/Users/twixes/Developer/thispriestdoesnotexist/research/vendor/stylegan2-ada-pytorch/torch_utils/ops/grid_sample_gradfix.py:39: UserWarning: grid_sample_gradfix not supported on PyTorch 2.14.0. Falling back to torch.nn.functional.grid_sample().
  warnings.warn(f'grid_sample_gradfix not supported on PyTorch {torch.__version__}. Falling back to torch.nn.functional.grid_sample().')
/Users/twixes/Developer/thispriestdoesnotexist/research/vendor/stylegan2-ada-pytorch/torch_utils/ops/grid_sample_gradfix.py:39: UserWarning: grid_sample_gradfix not supported on PyTorch 2.14.0. Falling back to torch.nn.functional.grid_sample().
  warnings.warn(f'grid_sample_gradfix not supported on PyTorch {torch.__version__}. Falling back to torch.nn.functional.grid_sample().')
/Users/twixes/Developer/thispriestdoesnotexist/research/vendor/stylegan2-ada-pytorch/torch_utils/ops/grid_sample_gradfix.py:39: UserWarning: grid_sample_gradfix not supported on PyTorch 2.14.0. Falling back to torch.nn.functional.grid_sample().
  warnings.warn(f'grid_sample_gradfix not supported on PyTorch {torch.__version__}. Falling back to torch.nn.functional.grid_sample().')
/Users/twixes/Developer/thispriestdoesnotexist/research/vendor/stylegan2-ada-pytorch/torch_utils/ops/grid_sample_gradfix.py:39: UserWarning: grid_sample_gradfix not supported on PyTorch 2.14.0. Falling back to torch.nn.functional.grid_sample().
  warnings.warn(f'grid_sample_gradfix not supported on PyTorch {torch.__version__}. Falling back to torch.nn.functional.grid_sample().')
/Users/twixes/Developer/thispriestdoesnotexist/research/vendor/stylegan2-ada-pytorch/torch_utils/ops/grid_sample_gradfix.py:39: UserWarning: grid_sample_gradfix not supported on PyTorch 2.14.0. Falling back to torch.nn.functional.grid_sample().
  warnings.warn(f'grid_sample_gradfix not supported on PyTorch {torch.__version__}. Falling back to torch.nn.functional.grid_sample().')
/Users/twixes/Developer/thispriestdoesnotexist/research/vendor/stylegan2-ada-pytorch/torch_utils/ops/grid_sample_gradfix.py:39: UserWarning: grid_sample_gradfix not supported on PyTorch 2.14.0. Falling back to torch.nn.functional.grid_sample().
  warnings.warn(f'grid_sample_gradfix not supported on PyTorch {torch.__version__}. Falling back to torch.nn.functional.grid_sample().')
/Users/twixes/Developer/thispriestdoesnotexist/research/vendor/stylegan2-ada-pytorch/torch_utils/ops/grid_sample_gradfix.py:39: UserWarning: grid_sample_gradfix not supported on PyTorch 2.14.0. Falling back to torch.nn.functional.grid_sample().
  warnings.warn(f'grid_sample_gradfix not supported on PyTorch {torch.__version__}. Falling back to torch.nn.functional.grid_sample().')
/Users/twixes/Developer/thispriestdoesnotexist/research/vendor/stylegan2-ada-pytorch/torch_utils/ops/grid_sample_gradfix.py:39: UserWarning: grid_sample_gradfix not supported on PyTorch 2.14.0. Falling back to torch.nn.functional.grid_sample().
  warnings.warn(f'grid_sample_gradfix not supported on PyTorch {torch.__version__}. Falling back to torch.nn.functional.grid_sample().')
/Users/twixes/Developer/thispriestdoesnotexist/research/vendor/stylegan2-ada-pytorch/torch_utils/ops/grid_sample_gradfix.py:39: UserWarning: grid_sample_gradfix not supported on PyTorch 2.14.0. Falling back to torch.nn.functional.grid_sample().
  warnings.warn(f'grid_sample_gradfix not supported on PyTorch {torch.__version__}. Falling back to torch.nn.functional.grid_sample().')
/Users/twixes/Developer/thispriestdoesnotexist/research/vendor/stylegan2-ada-pytorch/torch_utils/ops/grid_sample_gradfix.py:39: UserWarning: grid_sample_gradfix not supported on PyTorch 2.14.0. Falling back to torch.nn.functional.grid_sample().
  warnings.warn(f'grid_sample_gradfix not supported on PyTorch {torch.__version__}. Falling back to torch.nn.functional.grid_sample().')
/Users/twixes/Developer/thispriestdoesnotexist/research/vendor/stylegan2-ada-pytorch/torch_utils/ops/grid_sample_gradfix.py:39: UserWarning: grid_sample_gradfix not supported on PyTorch 2.14.0. Falling back to torch.nn.functional.grid_sample().
  warnings.warn(f'grid_sample_gradfix not supported on PyTorch {torch.__version__}. Falling back to torch.nn.functional.grid_sample().')
/Users/twixes/Developer/thispriestdoesnotexist/research/vendor/stylegan2-ada-pytorch/torch_utils/ops/grid_sample_gradfix.py:39: UserWarning: grid_sample_gradfix not supported on PyTorch 2.14.0. Falling back to torch.nn.functional.grid_sample().
  warnings.warn(f'grid_sample_gradfix not supported on PyTorch {torch.__version__}. Falling back to torch.nn.functional.grid_sample().')
/Users/twixes/Developer/thispriestdoesnotexist/research/vendor/stylegan2-ada-pytorch/torch_utils/ops/grid_sample_gradfix.py:39: UserWarning: grid_sample_gradfix not supported on PyTorch 2.14.0. Falling back to torch.nn.functional.grid_sample().
  warnings.warn(f'grid_sample_gradfix not supported on PyTorch {torch.__version__}. Falling back to torch.nn.functional.grid_sample().')
/Users/twixes/Developer/thispriestdoesnotexist/research/vendor/stylegan2-ada-pytorch/torch_utils/ops/grid_sample_gradfix.py:39: UserWarning: grid_sample_gradfix not supported on PyTorch 2.14.0. Falling back to torch.nn.functional.grid_sample().
  warnings.warn(f'grid_sample_gradfix not supported on PyTorch {torch.__version__}. Falling back to torch.nn.functional.grid_sample().')
/Users/twixes/Developer/thispriestdoesnotexist/research/vendor/stylegan2-ada-pytorch/torch_utils/ops/grid_sample_gradfix.py:39: UserWarning: grid_sample_gradfix not supported on PyTorch 2.14.0. Falling back to torch.nn.functional.grid_sample().
  warnings.warn(f'grid_sample_gradfix not supported on PyTorch {torch.__version__}. Falling back to torch.nn.functional.grid_sample().')
{"step": 9, "images_seen": 576, "kimg": 0.576, "seconds": 225.72727833304089, "augment_p": 0.0025599999353289604, "pl_mean": 0.10511340200901031, "phases": [{"phase": "Gmain", "gain_per_microbatch": 1, "rounds": 8, "seconds": 8.477663416066207}, {"phase": "Greg", "gain_per_microbatch": 4, "rounds": 8, "seconds": 39.00099408405367}, {"phase": "Dmain", "gain_per_microbatch": 1, "rounds": 8, "seconds": 14.452762792003341}], "statistics": {"Loss/scores/fake": -3.8601923882961273, "Loss/signs/fake": -0.984375, "Loss/G/loss": 3.906158924102783, "Loss/pl_penalty": 0.14677739329636097, "Loss/G/reg": 0.29355478659272194, "Loss/scores/real": 4.97587913274765, "Loss/signs/real": 1.0, "Loss/D/loss": 0.05292824748903513, "Loss/r1_penalty": 0.15134068951010704, "Loss/D/reg": 0.07567034475505352}}
/Users/twixes/Developer/thispriestdoesnotexist/research/vendor/stylegan2-ada-pytorch/torch_utils/ops/grid_sample_gradfix.py:39: UserWarning: grid_sample_gradfix not supported on PyTorch 2.14.0. Falling back to torch.nn.functional.grid_sample().
  warnings.warn(f'grid_sample_gradfix not supported on PyTorch {torch.__version__}. Falling back to torch.nn.functional.grid_sample().')
/Users/twixes/Developer/thispriestdoesnotexist/research/vendor/stylegan2-ada-pytorch/torch_utils/ops/grid_sample_gradfix.py:39: UserWarning: grid_sample_gradfix not supported on PyTorch 2.14.0. Falling back to torch.nn.functional.grid_sample().
  warnings.warn(f'grid_sample_gradfix not supported on PyTorch {torch.__version__}. Falling back to torch.nn.functional.grid_sample().')
/Users/twixes/Developer/thispriestdoesnotexist/research/vendor/stylegan2-ada-pytorch/torch_utils/ops/grid_sample_gradfix.py:39: UserWarning: grid_sample_gradfix not supported on PyTorch 2.14.0. Falling back to torch.nn.functional.grid_sample().
  warnings.warn(f'grid_sample_gradfix not supported on PyTorch {torch.__version__}. Falling back to torch.nn.functional.grid_sample().')
/Users/twixes/Developer/thispriestdoesnotexist/research/vendor/stylegan2-ada-pytorch/torch_utils/ops/grid_sample_gradfix.py:39: UserWarning: grid_sample_gradfix not supported on PyTorch 2.14.0. Falling back to torch.nn.functional.grid_sample().
  warnings.warn(f'grid_sample_gradfix not supported on PyTorch {torch.__version__}. Falling back to torch.nn.functional.grid_sample().')
/Users/twixes/Developer/thispriestdoesnotexist/research/vendor/stylegan2-ada-pytorch/torch_utils/ops/grid_sample_gradfix.py:39: UserWarning: grid_sample_gradfix not supported on PyTorch 2.14.0. Falling back to torch.nn.functional.grid_sample().
  warnings.warn(f'grid_sample_gradfix not supported on PyTorch {torch.__version__}. Falling back to torch.nn.functional.grid_sample().')
/Users/twixes/Developer/thispriestdoesnotexist/research/vendor/stylegan2-ada-pytorch/torch_utils/ops/grid_sample_gradfix.py:39: UserWarning: grid_sample_gradfix not supported on PyTorch 2.14.0. Falling back to torch.nn.functional.grid_sample().
  warnings.warn(f'grid_sample_gradfix not supported on PyTorch {torch.__version__}. Falling back to torch.nn.functional.grid_sample().')
/Users/twixes/Developer/thispriestdoesnotexist/research/vendor/stylegan2-ada-pytorch/torch_utils/ops/grid_sample_gradfix.py:39: UserWarning: grid_sample_gradfix not supported on PyTorch 2.14.0. Falling back to torch.nn.functional.grid_sample().
  warnings.warn(f'grid_sample_gradfix not supported on PyTorch {torch.__version__}. Falling back to torch.nn.functional.grid_sample().')
/Users/twixes/Developer/thispriestdoesnotexist/research/vendor/stylegan2-ada-pytorch/torch_utils/ops/grid_sample_gradfix.py:39: UserWarning: grid_sample_gradfix not supported on PyTorch 2.14.0. Falling back to torch.nn.functional.grid_sample().
  warnings.warn(f'grid_sample_gradfix not supported on PyTorch {torch.__version__}. Falling back to torch.nn.functional.grid_sample().')
/Users/twixes/Developer/thispriestdoesnotexist/research/vendor/stylegan2-ada-pytorch/torch_utils/ops/grid_sample_gradfix.py:39: UserWarning: grid_sample_gradfix not supported on PyTorch 2.14.0. Falling back to torch.nn.functional.grid_sample().
  warnings.warn(f'grid_sample_gradfix not supported on PyTorch {torch.__version__}. Falling back to torch.nn.functional.grid_sample().')
/Users/twixes/Developer/thispriestdoesnotexist/research/vendor/stylegan2-ada-pytorch/torch_utils/ops/grid_sample_gradfix.py:39: UserWarning: grid_sample_gradfix not supported on PyTorch 2.14.0. Falling back to torch.nn.functional.grid_sample().
  warnings.warn(f'grid_sample_gradfix not supported on PyTorch {torch.__version__}. Falling back to torch.nn.functional.grid_sample().')
/Users/twixes/Developer/thispriestdoesnotexist/research/vendor/stylegan2-ada-pytorch/torch_utils/ops/grid_sample_gradfix.py:39: UserWarning: grid_sample_gradfix not supported on PyTorch 2.14.0. Falling back to torch.nn.functional.grid_sample().
  warnings.warn(f'grid_sample_gradfix not supported on PyTorch {torch.__version__}. Falling back to torch.nn.functional.grid_sample().')
/Users/twixes/Developer/thispriestdoesnotexist/research/vendor/stylegan2-ada-pytorch/torch_utils/ops/grid_sample_gradfix.py:39: UserWarning: grid_sample_gradfix not supported on PyTorch 2.14.0. Falling back to torch.nn.functional.grid_sample().
  warnings.warn(f'grid_sample_gradfix not supported on PyTorch {torch.__version__}. Falling back to torch.nn.functional.grid_sample().')
/Users/twixes/Developer/thispriestdoesnotexist/research/vendor/stylegan2-ada-pytorch/torch_utils/ops/grid_sample_gradfix.py:39: UserWarning: grid_sample_gradfix not supported on PyTorch 2.14.0. Falling back to torch.nn.functional.grid_sample().
  warnings.warn(f'grid_sample_gradfix not supported on PyTorch {torch.__version__}. Falling back to torch.nn.functional.grid_sample().')
/Users/twixes/Developer/thispriestdoesnotexist/research/vendor/stylegan2-ada-pytorch/torch_utils/ops/grid_sample_gradfix.py:39: UserWarning: grid_sample_gradfix not supported on PyTorch 2.14.0. Falling back to torch.nn.functional.grid_sample().
  warnings.warn(f'grid_sample_gradfix not supported on PyTorch {torch.__version__}. Falling back to torch.nn.functional.grid_sample().')
/Users/twixes/Developer/thispriestdoesnotexist/research/vendor/stylegan2-ada-pytorch/torch_utils/ops/grid_sample_gradfix.py:39: UserWarning: grid_sample_gradfix not supported on PyTorch 2.14.0. Falling back to torch.nn.functional.grid_sample().
  warnings.warn(f'grid_sample_gradfix not supported on PyTorch {torch.__version__}. Falling back to torch.nn.functional.grid_sample().')
/Users/twixes/Developer/thispriestdoesnotexist/research/vendor/stylegan2-ada-pytorch/torch_utils/ops/grid_sample_gradfix.py:39: UserWarning: grid_sample_gradfix not supported on PyTorch 2.14.0. Falling back to torch.nn.functional.grid_sample().
  warnings.warn(f'grid_sample_gradfix not supported on PyTorch {torch.__version__}. Falling back to torch.nn.functional.grid_sample().')
/Users/twixes/Developer/thispriestdoesnotexist/research/vendor/stylegan2-ada-pytorch/torch_utils/ops/grid_sample_gradfix.py:39: UserWarning: grid_sample_gradfix not supported on PyTorch 2.14.0. Falling back to torch.nn.functional.grid_sample().
  warnings.warn(f'grid_sample_gradfix not supported on PyTorch {torch.__version__}. Falling back to torch.nn.functional.grid_sample().')
/Users/twixes/Developer/thispriestdoesnotexist/research/vendor/stylegan2-ada-pytorch/torch_utils/ops/grid_sample_gradfix.py:39: UserWarning: grid_sample_gradfix not supported on PyTorch 2.14.0. Falling back to torch.nn.functional.grid_sample().
  warnings.warn(f'grid_sample_gradfix not supported on PyTorch {torch.__version__}. Falling back to torch.nn.functional.grid_sample().')
/Users/twixes/Developer/thispriestdoesnotexist/research/vendor/stylegan2-ada-pytorch/torch_utils/ops/grid_sample_gradfix.py:39: UserWarning: grid_sample_gradfix not supported on PyTorch 2.14.0. Falling back to torch.nn.functional.grid_sample().
  warnings.warn(f'grid_sample_gradfix not supported on PyTorch {torch.__version__}. Falling back to torch.nn.functional.grid_sample().')
/Users/twixes/Developer/thispriestdoesnotexist/research/vendor/stylegan2-ada-pytorch/torch_utils/ops/grid_sample_gradfix.py:39: UserWarning: grid_sample_gradfix not supported on PyTorch 2.14.0. Falling back to torch.nn.functional.grid_sample().
  warnings.warn(f'grid_sample_gradfix not supported on PyTorch {torch.__version__}. Falling back to torch.nn.functional.grid_sample().')
/Users/twixes/Developer/thispriestdoesnotexist/research/vendor/stylegan2-ada-pytorch/torch_utils/ops/grid_sample_gradfix.py:39: UserWarning: grid_sample_gradfix not supported on PyTorch 2.14.0. Falling back to torch.nn.functional.grid_sample().
  warnings.warn(f'grid_sample_gradfix not supported on PyTorch {torch.__version__}. Falling back to torch.nn.functional.grid_sample().')
/Users/twixes/Developer/thispriestdoesnotexist/research/vendor/stylegan2-ada-pytorch/torch_utils/ops/grid_sample_gradfix.py:39: UserWarning: grid_sample_gradfix not supported on PyTorch 2.14.0. Falling back to torch.nn.functional.grid_sample().
  warnings.warn(f'grid_sample_gradfix not supported on PyTorch {torch.__version__}. Falling back to torch.nn.functional.grid_sample().')
/Users/twixes/Developer/thispriestdoesnotexist/research/vendor/stylegan2-ada-pytorch/torch_utils/ops/grid_sample_gradfix.py:39: UserWarning: grid_sample_gradfix not supported on PyTorch 2.14.0. Falling back to torch.nn.functional.grid_sample().
  warnings.warn(f'grid_sample_gradfix not supported on PyTorch {torch.__version__}. Falling back to torch.nn.functional.grid_sample().')
/Users/twixes/Developer/thispriestdoesnotexist/research/vendor/stylegan2-ada-pytorch/torch_utils/ops/grid_sample_gradfix.py:39: UserWarning: grid_sample_gradfix not supported on PyTorch 2.14.0. Falling back to torch.nn.functional.grid_sample().
  warnings.warn(f'grid_sample_gradfix not supported on PyTorch {torch.__version__}. Falling back to torch.nn.functional.grid_sample().')
{"step": 10, "images_seen": 640, "kimg": 0.64, "seconds": 244.98627875000238, "augment_p": 0.0025599999353289604, "pl_mean": 0.10511340200901031, "phases": [{"phase": "Gmain", "gain_per_microbatch": 1, "rounds": 8, "seconds": 8.574300082982518}, {"phase": "Dmain", "gain_per_microbatch": 1, "rounds": 8, "seconds": 10.229990042047575}], "statistics": {"Loss/scores/fake": -4.213027983903885, "Loss/signs/fake": -1.0, "Loss/G/loss": 4.264575093984604, "Loss/pl_penalty": 0.14677739329636097, "Loss/G/reg": 0.29355478659272194, "Loss/scores/real": 4.830261647701263, "Loss/signs/real": 1.0, "Loss/D/loss": 0.03663240373134613, "Loss/r1_penalty": 0.15134068951010704, "Loss/D/reg": 0.07567034475505352}}
/Users/twixes/Developer/thispriestdoesnotexist/research/vendor/stylegan2-ada-pytorch/torch_utils/ops/grid_sample_gradfix.py:39: UserWarning: grid_sample_gradfix not supported on PyTorch 2.14.0. Falling back to torch.nn.functional.grid_sample().
  warnings.warn(f'grid_sample_gradfix not supported on PyTorch {torch.__version__}. Falling back to torch.nn.functional.grid_sample().')
/Users/twixes/Developer/thispriestdoesnotexist/research/vendor/stylegan2-ada-pytorch/torch_utils/ops/grid_sample_gradfix.py:39: UserWarning: grid_sample_gradfix not supported on PyTorch 2.14.0. Falling back to torch.nn.functional.grid_sample().
  warnings.warn(f'grid_sample_gradfix not supported on PyTorch {torch.__version__}. Falling back to torch.nn.functional.grid_sample().')
/Users/twixes/Developer/thispriestdoesnotexist/research/vendor/stylegan2-ada-pytorch/torch_utils/ops/grid_sample_gradfix.py:39: UserWarning: grid_sample_gradfix not supported on PyTorch 2.14.0. Falling back to torch.nn.functional.grid_sample().
  warnings.warn(f'grid_sample_gradfix not supported on PyTorch {torch.__version__}. Falling back to torch.nn.functional.grid_sample().')
/Users/twixes/Developer/thispriestdoesnotexist/research/vendor/stylegan2-ada-pytorch/torch_utils/ops/grid_sample_gradfix.py:39: UserWarning: grid_sample_gradfix not supported on PyTorch 2.14.0. Falling back to torch.nn.functional.grid_sample().
  warnings.warn(f'grid_sample_gradfix not supported on PyTorch {torch.__version__}. Falling back to torch.nn.functional.grid_sample().')
/Users/twixes/Developer/thispriestdoesnotexist/research/vendor/stylegan2-ada-pytorch/torch_utils/ops/grid_sample_gradfix.py:39: UserWarning: grid_sample_gradfix not supported on PyTorch 2.14.0. Falling back to torch.nn.functional.grid_sample().
  warnings.warn(f'grid_sample_gradfix not supported on PyTorch {torch.__version__}. Falling back to torch.nn.functional.grid_sample().')
/Users/twixes/Developer/thispriestdoesnotexist/research/vendor/stylegan2-ada-pytorch/torch_utils/ops/grid_sample_gradfix.py:39: UserWarning: grid_sample_gradfix not supported on PyTorch 2.14.0. Falling back to torch.nn.functional.grid_sample().
  warnings.warn(f'grid_sample_gradfix not supported on PyTorch {torch.__version__}. Falling back to torch.nn.functional.grid_sample().')
/Users/twixes/Developer/thispriestdoesnotexist/research/vendor/stylegan2-ada-pytorch/torch_utils/ops/grid_sample_gradfix.py:39: UserWarning: grid_sample_gradfix not supported on PyTorch 2.14.0. Falling back to torch.nn.functional.grid_sample().
  warnings.warn(f'grid_sample_gradfix not supported on PyTorch {torch.__version__}. Falling back to torch.nn.functional.grid_sample().')
/Users/twixes/Developer/thispriestdoesnotexist/research/vendor/stylegan2-ada-pytorch/torch_utils/ops/grid_sample_gradfix.py:39: UserWarning: grid_sample_gradfix not supported on PyTorch 2.14.0. Falling back to torch.nn.functional.grid_sample().
  warnings.warn(f'grid_sample_gradfix not supported on PyTorch {torch.__version__}. Falling back to torch.nn.functional.grid_sample().')
/Users/twixes/Developer/thispriestdoesnotexist/research/vendor/stylegan2-ada-pytorch/torch_utils/ops/grid_sample_gradfix.py:39: UserWarning: grid_sample_gradfix not supported on PyTorch 2.14.0. Falling back to torch.nn.functional.grid_sample().
  warnings.warn(f'grid_sample_gradfix not supported on PyTorch {torch.__version__}. Falling back to torch.nn.functional.grid_sample().')
/Users/twixes/Developer/thispriestdoesnotexist/research/vendor/stylegan2-ada-pytorch/torch_utils/ops/grid_sample_gradfix.py:39: UserWarning: grid_sample_gradfix not supported on PyTorch 2.14.0. Falling back to torch.nn.functional.grid_sample().
  warnings.warn(f'grid_sample_gradfix not supported on PyTorch {torch.__version__}. Falling back to torch.nn.functional.grid_sample().')
/Users/twixes/Developer/thispriestdoesnotexist/research/vendor/stylegan2-ada-pytorch/torch_utils/ops/grid_sample_gradfix.py:39: UserWarning: grid_sample_gradfix not supported on PyTorch 2.14.0. Falling back to torch.nn.functional.grid_sample().
  warnings.warn(f'grid_sample_gradfix not supported on PyTorch {torch.__version__}. Falling back to torch.nn.functional.grid_sample().')
/Users/twixes/Developer/thispriestdoesnotexist/research/vendor/stylegan2-ada-pytorch/torch_utils/ops/grid_sample_gradfix.py:39: UserWarning: grid_sample_gradfix not supported on PyTorch 2.14.0. Falling back to torch.nn.functional.grid_sample().
  warnings.warn(f'grid_sample_gradfix not supported on PyTorch {torch.__version__}. Falling back to torch.nn.functional.grid_sample().')
/Users/twixes/Developer/thispriestdoesnotexist/research/vendor/stylegan2-ada-pytorch/torch_utils/ops/grid_sample_gradfix.py:39: UserWarning: grid_sample_gradfix not supported on PyTorch 2.14.0. Falling back to torch.nn.functional.grid_sample().
  warnings.warn(f'grid_sample_gradfix not supported on PyTorch {torch.__version__}. Falling back to torch.nn.functional.grid_sample().')
/Users/twixes/Developer/thispriestdoesnotexist/research/vendor/stylegan2-ada-pytorch/torch_utils/ops/grid_sample_gradfix.py:39: UserWarning: grid_sample_gradfix not supported on PyTorch 2.14.0. Falling back to torch.nn.functional.grid_sample().
  warnings.warn(f'grid_sample_gradfix not supported on PyTorch {torch.__version__}. Falling back to torch.nn.functional.grid_sample().')
/Users/twixes/Developer/thispriestdoesnotexist/research/vendor/stylegan2-ada-pytorch/torch_utils/ops/grid_sample_gradfix.py:39: UserWarning: grid_sample_gradfix not supported on PyTorch 2.14.0. Falling back to torch.nn.functional.grid_sample().
  warnings.warn(f'grid_sample_gradfix not supported on PyTorch {torch.__version__}. Falling back to torch.nn.functional.grid_sample().')
/Users/twixes/Developer/thispriestdoesnotexist/research/vendor/stylegan2-ada-pytorch/torch_utils/ops/grid_sample_gradfix.py:39: UserWarning: grid_sample_gradfix not supported on PyTorch 2.14.0. Falling back to torch.nn.functional.grid_sample().
  warnings.warn(f'grid_sample_gradfix not supported on PyTorch {torch.__version__}. Falling back to torch.nn.functional.grid_sample().')
/Users/twixes/Developer/thispriestdoesnotexist/research/vendor/stylegan2-ada-pytorch/torch_utils/ops/grid_sample_gradfix.py:39: UserWarning: grid_sample_gradfix not supported on PyTorch 2.14.0. Falling back to torch.nn.functional.grid_sample().
  warnings.warn(f'grid_sample_gradfix not supported on PyTorch {torch.__version__}. Falling back to torch.nn.functional.grid_sample().')
/Users/twixes/Developer/thispriestdoesnotexist/research/vendor/stylegan2-ada-pytorch/torch_utils/ops/grid_sample_gradfix.py:39: UserWarning: grid_sample_gradfix not supported on PyTorch 2.14.0. Falling back to torch.nn.functional.grid_sample().
  warnings.warn(f'grid_sample_gradfix not supported on PyTorch {torch.__version__}. Falling back to torch.nn.functional.grid_sample().')
/Users/twixes/Developer/thispriestdoesnotexist/research/vendor/stylegan2-ada-pytorch/torch_utils/ops/grid_sample_gradfix.py:39: UserWarning: grid_sample_gradfix not supported on PyTorch 2.14.0. Falling back to torch.nn.functional.grid_sample().
  warnings.warn(f'grid_sample_gradfix not supported on PyTorch {torch.__version__}. Falling back to torch.nn.functional.grid_sample().')
/Users/twixes/Developer/thispriestdoesnotexist/research/vendor/stylegan2-ada-pytorch/torch_utils/ops/grid_sample_gradfix.py:39: UserWarning: grid_sample_gradfix not supported on PyTorch 2.14.0. Falling back to torch.nn.functional.grid_sample().
  warnings.warn(f'grid_sample_gradfix not supported on PyTorch {torch.__version__}. Falling back to torch.nn.functional.grid_sample().')
/Users/twixes/Developer/thispriestdoesnotexist/research/vendor/stylegan2-ada-pytorch/torch_utils/ops/grid_sample_gradfix.py:39: UserWarning: grid_sample_gradfix not supported on PyTorch 2.14.0. Falling back to torch.nn.functional.grid_sample().
  warnings.warn(f'grid_sample_gradfix not supported on PyTorch {torch.__version__}. Falling back to torch.nn.functional.grid_sample().')
/Users/twixes/Developer/thispriestdoesnotexist/research/vendor/stylegan2-ada-pytorch/torch_utils/ops/grid_sample_gradfix.py:39: UserWarning: grid_sample_gradfix not supported on PyTorch 2.14.0. Falling back to torch.nn.functional.grid_sample().
  warnings.warn(f'grid_sample_gradfix not supported on PyTorch {torch.__version__}. Falling back to torch.nn.functional.grid_sample().')
/Users/twixes/Developer/thispriestdoesnotexist/research/vendor/stylegan2-ada-pytorch/torch_utils/ops/grid_sample_gradfix.py:39: UserWarning: grid_sample_gradfix not supported on PyTorch 2.14.0. Falling back to torch.nn.functional.grid_sample().
  warnings.warn(f'grid_sample_gradfix not supported on PyTorch {torch.__version__}. Falling back to torch.nn.functional.grid_sample().')
/Users/twixes/Developer/thispriestdoesnotexist/research/vendor/stylegan2-ada-pytorch/torch_utils/ops/grid_sample_gradfix.py:39: UserWarning: grid_sample_gradfix not supported on PyTorch 2.14.0. Falling back to torch.nn.functional.grid_sample().
  warnings.warn(f'grid_sample_gradfix not supported on PyTorch {torch.__version__}. Falling back to torch.nn.functional.grid_sample().')
{"step": 11, "images_seen": 704, "kimg": 0.704, "seconds": 258.28510237508453, "augment_p": 0.0025599999353289604, "pl_mean": 0.10511340200901031, "phases": [{"phase": "Gmain", "gain_per_microbatch": 1, "rounds": 8, "seconds": 5.410325000062585}, {"phase": "Dmain", "gain_per_microbatch": 1, "rounds": 8, "seconds": 7.601519792107865}], "statistics": {"Loss/scores/fake": -4.064994439482689, "Loss/signs/fake": -0.984375, "Loss/G/loss": 4.245406806468964, "Loss/pl_penalty": 0.14677739329636097, "Loss/G/reg": 0.29355478659272194, "Loss/scores/real": 5.247096836566925, "Loss/signs/real": 1.0, "Loss/D/loss": 0.04460195521824062, "Loss/r1_penalty": 0.15134068951010704, "Loss/D/reg": 0.07567034475505352}}
/Users/twixes/Developer/thispriestdoesnotexist/research/vendor/stylegan2-ada-pytorch/torch_utils/ops/grid_sample_gradfix.py:39: UserWarning: grid_sample_gradfix not supported on PyTorch 2.14.0. Falling back to torch.nn.functional.grid_sample().
  warnings.warn(f'grid_sample_gradfix not supported on PyTorch {torch.__version__}. Falling back to torch.nn.functional.grid_sample().')
/Users/twixes/Developer/thispriestdoesnotexist/research/vendor/stylegan2-ada-pytorch/torch_utils/ops/grid_sample_gradfix.py:39: UserWarning: grid_sample_gradfix not supported on PyTorch 2.14.0. Falling back to torch.nn.functional.grid_sample().
  warnings.warn(f'grid_sample_gradfix not supported on PyTorch {torch.__version__}. Falling back to torch.nn.functional.grid_sample().')
/Users/twixes/Developer/thispriestdoesnotexist/research/vendor/stylegan2-ada-pytorch/torch_utils/ops/grid_sample_gradfix.py:39: UserWarning: grid_sample_gradfix not supported on PyTorch 2.14.0. Falling back to torch.nn.functional.grid_sample().
  warnings.warn(f'grid_sample_gradfix not supported on PyTorch {torch.__version__}. Falling back to torch.nn.functional.grid_sample().')
/Users/twixes/Developer/thispriestdoesnotexist/research/vendor/stylegan2-ada-pytorch/torch_utils/ops/grid_sample_gradfix.py:39: UserWarning: grid_sample_gradfix not supported on PyTorch 2.14.0. Falling back to torch.nn.functional.grid_sample().
  warnings.warn(f'grid_sample_gradfix not supported on PyTorch {torch.__version__}. Falling back to torch.nn.functional.grid_sample().')
/Users/twixes/Developer/thispriestdoesnotexist/research/vendor/stylegan2-ada-pytorch/torch_utils/ops/grid_sample_gradfix.py:39: UserWarning: grid_sample_gradfix not supported on PyTorch 2.14.0. Falling back to torch.nn.functional.grid_sample().
  warnings.warn(f'grid_sample_gradfix not supported on PyTorch {torch.__version__}. Falling back to torch.nn.functional.grid_sample().')
/Users/twixes/Developer/thispriestdoesnotexist/research/vendor/stylegan2-ada-pytorch/torch_utils/ops/grid_sample_gradfix.py:39: UserWarning: grid_sample_gradfix not supported on PyTorch 2.14.0. Falling back to torch.nn.functional.grid_sample().
  warnings.warn(f'grid_sample_gradfix not supported on PyTorch {torch.__version__}. Falling back to torch.nn.functional.grid_sample().')
/Users/twixes/Developer/thispriestdoesnotexist/research/vendor/stylegan2-ada-pytorch/torch_utils/ops/grid_sample_gradfix.py:39: UserWarning: grid_sample_gradfix not supported on PyTorch 2.14.0. Falling back to torch.nn.functional.grid_sample().
  warnings.warn(f'grid_sample_gradfix not supported on PyTorch {torch.__version__}. Falling back to torch.nn.functional.grid_sample().')
/Users/twixes/Developer/thispriestdoesnotexist/research/vendor/stylegan2-ada-pytorch/torch_utils/ops/grid_sample_gradfix.py:39: UserWarning: grid_sample_gradfix not supported on PyTorch 2.14.0. Falling back to torch.nn.functional.grid_sample().
  warnings.warn(f'grid_sample_gradfix not supported on PyTorch {torch.__version__}. Falling back to torch.nn.functional.grid_sample().')
/Users/twixes/Developer/thispriestdoesnotexist/research/vendor/stylegan2-ada-pytorch/torch_utils/ops/grid_sample_gradfix.py:39: UserWarning: grid_sample_gradfix not supported on PyTorch 2.14.0. Falling back to torch.nn.functional.grid_sample().
  warnings.warn(f'grid_sample_gradfix not supported on PyTorch {torch.__version__}. Falling back to torch.nn.functional.grid_sample().')
/Users/twixes/Developer/thispriestdoesnotexist/research/vendor/stylegan2-ada-pytorch/torch_utils/ops/grid_sample_gradfix.py:39: UserWarning: grid_sample_gradfix not supported on PyTorch 2.14.0. Falling back to torch.nn.functional.grid_sample().
  warnings.warn(f'grid_sample_gradfix not supported on PyTorch {torch.__version__}. Falling back to torch.nn.functional.grid_sample().')
/Users/twixes/Developer/thispriestdoesnotexist/research/vendor/stylegan2-ada-pytorch/torch_utils/ops/grid_sample_gradfix.py:39: UserWarning: grid_sample_gradfix not supported on PyTorch 2.14.0. Falling back to torch.nn.functional.grid_sample().
  warnings.warn(f'grid_sample_gradfix not supported on PyTorch {torch.__version__}. Falling back to torch.nn.functional.grid_sample().')
/Users/twixes/Developer/thispriestdoesnotexist/research/vendor/stylegan2-ada-pytorch/torch_utils/ops/grid_sample_gradfix.py:39: UserWarning: grid_sample_gradfix not supported on PyTorch 2.14.0. Falling back to torch.nn.functional.grid_sample().
  warnings.warn(f'grid_sample_gradfix not supported on PyTorch {torch.__version__}. Falling back to torch.nn.functional.grid_sample().')
/Users/twixes/Developer/thispriestdoesnotexist/research/vendor/stylegan2-ada-pytorch/torch_utils/ops/grid_sample_gradfix.py:39: UserWarning: grid_sample_gradfix not supported on PyTorch 2.14.0. Falling back to torch.nn.functional.grid_sample().
  warnings.warn(f'grid_sample_gradfix not supported on PyTorch {torch.__version__}. Falling back to torch.nn.functional.grid_sample().')
/Users/twixes/Developer/thispriestdoesnotexist/research/vendor/stylegan2-ada-pytorch/torch_utils/ops/grid_sample_gradfix.py:39: UserWarning: grid_sample_gradfix not supported on PyTorch 2.14.0. Falling back to torch.nn.functional.grid_sample().
  warnings.warn(f'grid_sample_gradfix not supported on PyTorch {torch.__version__}. Falling back to torch.nn.functional.grid_sample().')
/Users/twixes/Developer/thispriestdoesnotexist/research/vendor/stylegan2-ada-pytorch/torch_utils/ops/grid_sample_gradfix.py:39: UserWarning: grid_sample_gradfix not supported on PyTorch 2.14.0. Falling back to torch.nn.functional.grid_sample().
  warnings.warn(f'grid_sample_gradfix not supported on PyTorch {torch.__version__}. Falling back to torch.nn.functional.grid_sample().')
/Users/twixes/Developer/thispriestdoesnotexist/research/vendor/stylegan2-ada-pytorch/torch_utils/ops/grid_sample_gradfix.py:39: UserWarning: grid_sample_gradfix not supported on PyTorch 2.14.0. Falling back to torch.nn.functional.grid_sample().
  warnings.warn(f'grid_sample_gradfix not supported on PyTorch {torch.__version__}. Falling back to torch.nn.functional.grid_sample().')
/Users/twixes/Developer/thispriestdoesnotexist/research/vendor/stylegan2-ada-pytorch/torch_utils/ops/grid_sample_gradfix.py:39: UserWarning: grid_sample_gradfix not supported on PyTorch 2.14.0. Falling back to torch.nn.functional.grid_sample().
  warnings.warn(f'grid_sample_gradfix not supported on PyTorch {torch.__version__}. Falling back to torch.nn.functional.grid_sample().')
/Users/twixes/Developer/thispriestdoesnotexist/research/vendor/stylegan2-ada-pytorch/torch_utils/ops/grid_sample_gradfix.py:39: UserWarning: grid_sample_gradfix not supported on PyTorch 2.14.0. Falling back to torch.nn.functional.grid_sample().
  warnings.warn(f'grid_sample_gradfix not supported on PyTorch {torch.__version__}. Falling back to torch.nn.functional.grid_sample().')
/Users/twixes/Developer/thispriestdoesnotexist/research/vendor/stylegan2-ada-pytorch/torch_utils/ops/grid_sample_gradfix.py:39: UserWarning: grid_sample_gradfix not supported on PyTorch 2.14.0. Falling back to torch.nn.functional.grid_sample().
  warnings.warn(f'grid_sample_gradfix not supported on PyTorch {torch.__version__}. Falling back to torch.nn.functional.grid_sample().')
/Users/twixes/Developer/thispriestdoesnotexist/research/vendor/stylegan2-ada-pytorch/torch_utils/ops/grid_sample_gradfix.py:39: UserWarning: grid_sample_gradfix not supported on PyTorch 2.14.0. Falling back to torch.nn.functional.grid_sample().
  warnings.warn(f'grid_sample_gradfix not supported on PyTorch {torch.__version__}. Falling back to torch.nn.functional.grid_sample().')
/Users/twixes/Developer/thispriestdoesnotexist/research/vendor/stylegan2-ada-pytorch/torch_utils/ops/grid_sample_gradfix.py:39: UserWarning: grid_sample_gradfix not supported on PyTorch 2.14.0. Falling back to torch.nn.functional.grid_sample().
  warnings.warn(f'grid_sample_gradfix not supported on PyTorch {torch.__version__}. Falling back to torch.nn.functional.grid_sample().')
/Users/twixes/Developer/thispriestdoesnotexist/research/vendor/stylegan2-ada-pytorch/torch_utils/ops/grid_sample_gradfix.py:39: UserWarning: grid_sample_gradfix not supported on PyTorch 2.14.0. Falling back to torch.nn.functional.grid_sample().
  warnings.warn(f'grid_sample_gradfix not supported on PyTorch {torch.__version__}. Falling back to torch.nn.functional.grid_sample().')
/Users/twixes/Developer/thispriestdoesnotexist/research/vendor/stylegan2-ada-pytorch/torch_utils/ops/grid_sample_gradfix.py:39: UserWarning: grid_sample_gradfix not supported on PyTorch 2.14.0. Falling back to torch.nn.functional.grid_sample().
  warnings.warn(f'grid_sample_gradfix not supported on PyTorch {torch.__version__}. Falling back to torch.nn.functional.grid_sample().')
/Users/twixes/Developer/thispriestdoesnotexist/research/vendor/stylegan2-ada-pytorch/torch_utils/ops/grid_sample_gradfix.py:39: UserWarning: grid_sample_gradfix not supported on PyTorch 2.14.0. Falling back to torch.nn.functional.grid_sample().
  warnings.warn(f'grid_sample_gradfix not supported on PyTorch {torch.__version__}. Falling back to torch.nn.functional.grid_sample().')
{"step": 12, "images_seen": 768, "kimg": 0.768, "seconds": 278.7915448331041, "augment_p": 0.005119999870657921, "pl_mean": 0.10511340200901031, "phases": [{"phase": "Gmain", "gain_per_microbatch": 1, "rounds": 8, "seconds": 8.65274400007911}, {"phase": "Dmain", "gain_per_microbatch": 1, "rounds": 8, "seconds": 11.413081333972514}], "statistics": {"Loss/scores/fake": -4.996390372514725, "Loss/signs/fake": -1.0, "Loss/G/loss": 5.098505139350891, "Loss/pl_penalty": 0.14677739329636097, "Loss/G/reg": 0.29355478659272194, "Loss/scores/real": 4.60879048705101, "Loss/signs/real": 0.96875, "Loss/D/loss": 0.04652130976319313, "Loss/r1_penalty": 0.15134068951010704, "Loss/D/reg": 0.07567034475505352}}
/Users/twixes/Developer/thispriestdoesnotexist/research/vendor/stylegan2-ada-pytorch/torch_utils/ops/grid_sample_gradfix.py:39: UserWarning: grid_sample_gradfix not supported on PyTorch 2.14.0. Falling back to torch.nn.functional.grid_sample().
  warnings.warn(f'grid_sample_gradfix not supported on PyTorch {torch.__version__}. Falling back to torch.nn.functional.grid_sample().')
/Users/twixes/Developer/thispriestdoesnotexist/research/vendor/stylegan2-ada-pytorch/torch_utils/ops/grid_sample_gradfix.py:39: UserWarning: grid_sample_gradfix not supported on PyTorch 2.14.0. Falling back to torch.nn.functional.grid_sample().
  warnings.warn(f'grid_sample_gradfix not supported on PyTorch {torch.__version__}. Falling back to torch.nn.functional.grid_sample().')
/Users/twixes/Developer/thispriestdoesnotexist/research/vendor/stylegan2-ada-pytorch/torch_utils/ops/grid_sample_gradfix.py:39: UserWarning: grid_sample_gradfix not supported on PyTorch 2.14.0. Falling back to torch.nn.functional.grid_sample().
  warnings.warn(f'grid_sample_gradfix not supported on PyTorch {torch.__version__}. Falling back to torch.nn.functional.grid_sample().')
/Users/twixes/Developer/thispriestdoesnotexist/research/vendor/stylegan2-ada-pytorch/torch_utils/ops/grid_sample_gradfix.py:39: UserWarning: grid_sample_gradfix not supported on PyTorch 2.14.0. Falling back to torch.nn.functional.grid_sample().
  warnings.warn(f'grid_sample_gradfix not supported on PyTorch {torch.__version__}. Falling back to torch.nn.functional.grid_sample().')
/Users/twixes/Developer/thispriestdoesnotexist/research/vendor/stylegan2-ada-pytorch/torch_utils/ops/grid_sample_gradfix.py:39: UserWarning: grid_sample_gradfix not supported on PyTorch 2.14.0. Falling back to torch.nn.functional.grid_sample().
  warnings.warn(f'grid_sample_gradfix not supported on PyTorch {torch.__version__}. Falling back to torch.nn.functional.grid_sample().')
/Users/twixes/Developer/thispriestdoesnotexist/research/vendor/stylegan2-ada-pytorch/torch_utils/ops/grid_sample_gradfix.py:39: UserWarning: grid_sample_gradfix not supported on PyTorch 2.14.0. Falling back to torch.nn.functional.grid_sample().
  warnings.warn(f'grid_sample_gradfix not supported on PyTorch {torch.__version__}. Falling back to torch.nn.functional.grid_sample().')
/Users/twixes/Developer/thispriestdoesnotexist/research/vendor/stylegan2-ada-pytorch/torch_utils/ops/grid_sample_gradfix.py:39: UserWarning: grid_sample_gradfix not supported on PyTorch 2.14.0. Falling back to torch.nn.functional.grid_sample().
  warnings.warn(f'grid_sample_gradfix not supported on PyTorch {torch.__version__}. Falling back to torch.nn.functional.grid_sample().')
/Users/twixes/Developer/thispriestdoesnotexist/research/vendor/stylegan2-ada-pytorch/torch_utils/ops/grid_sample_gradfix.py:39: UserWarning: grid_sample_gradfix not supported on PyTorch 2.14.0. Falling back to torch.nn.functional.grid_sample().
  warnings.warn(f'grid_sample_gradfix not supported on PyTorch {torch.__version__}. Falling back to torch.nn.functional.grid_sample().')
/Users/twixes/Developer/thispriestdoesnotexist/research/vendor/stylegan2-ada-pytorch/torch_utils/ops/grid_sample_gradfix.py:39: UserWarning: grid_sample_gradfix not supported on PyTorch 2.14.0. Falling back to torch.nn.functional.grid_sample().
  warnings.warn(f'grid_sample_gradfix not supported on PyTorch {torch.__version__}. Falling back to torch.nn.functional.grid_sample().')
/Users/twixes/Developer/thispriestdoesnotexist/research/vendor/stylegan2-ada-pytorch/torch_utils/ops/grid_sample_gradfix.py:39: UserWarning: grid_sample_gradfix not supported on PyTorch 2.14.0. Falling back to torch.nn.functional.grid_sample().
  warnings.warn(f'grid_sample_gradfix not supported on PyTorch {torch.__version__}. Falling back to torch.nn.functional.grid_sample().')
/Users/twixes/Developer/thispriestdoesnotexist/research/vendor/stylegan2-ada-pytorch/torch_utils/ops/grid_sample_gradfix.py:39: UserWarning: grid_sample_gradfix not supported on PyTorch 2.14.0. Falling back to torch.nn.functional.grid_sample().
  warnings.warn(f'grid_sample_gradfix not supported on PyTorch {torch.__version__}. Falling back to torch.nn.functional.grid_sample().')
/Users/twixes/Developer/thispriestdoesnotexist/research/vendor/stylegan2-ada-pytorch/torch_utils/ops/grid_sample_gradfix.py:39: UserWarning: grid_sample_gradfix not supported on PyTorch 2.14.0. Falling back to torch.nn.functional.grid_sample().
  warnings.warn(f'grid_sample_gradfix not supported on PyTorch {torch.__version__}. Falling back to torch.nn.functional.grid_sample().')
/Users/twixes/Developer/thispriestdoesnotexist/research/vendor/stylegan2-ada-pytorch/torch_utils/ops/grid_sample_gradfix.py:39: UserWarning: grid_sample_gradfix not supported on PyTorch 2.14.0. Falling back to torch.nn.functional.grid_sample().
  warnings.warn(f'grid_sample_gradfix not supported on PyTorch {torch.__version__}. Falling back to torch.nn.functional.grid_sample().')
/Users/twixes/Developer/thispriestdoesnotexist/research/vendor/stylegan2-ada-pytorch/torch_utils/ops/grid_sample_gradfix.py:39: UserWarning: grid_sample_gradfix not supported on PyTorch 2.14.0. Falling back to torch.nn.functional.grid_sample().
  warnings.warn(f'grid_sample_gradfix not supported on PyTorch {torch.__version__}. Falling back to torch.nn.functional.grid_sample().')
/Users/twixes/Developer/thispriestdoesnotexist/research/vendor/stylegan2-ada-pytorch/torch_utils/ops/grid_sample_gradfix.py:39: UserWarning: grid_sample_gradfix not supported on PyTorch 2.14.0. Falling back to torch.nn.functional.grid_sample().
  warnings.warn(f'grid_sample_gradfix not supported on PyTorch {torch.__version__}. Falling back to torch.nn.functional.grid_sample().')
/Users/twixes/Developer/thispriestdoesnotexist/research/vendor/stylegan2-ada-pytorch/torch_utils/ops/grid_sample_gradfix.py:39: UserWarning: grid_sample_gradfix not supported on PyTorch 2.14.0. Falling back to torch.nn.functional.grid_sample().
  warnings.warn(f'grid_sample_gradfix not supported on PyTorch {torch.__version__}. Falling back to torch.nn.functional.grid_sample().')
/Users/twixes/Developer/thispriestdoesnotexist/research/vendor/stylegan2-ada-pytorch/torch_utils/ops/grid_sample_gradfix.py:39: UserWarning: grid_sample_gradfix not supported on PyTorch 2.14.0. Falling back to torch.nn.functional.grid_sample().
  warnings.warn(f'grid_sample_gradfix not supported on PyTorch {torch.__version__}. Falling back to torch.nn.functional.grid_sample().')
/Users/twixes/Developer/thispriestdoesnotexist/research/vendor/stylegan2-ada-pytorch/torch_utils/ops/grid_sample_gradfix.py:39: UserWarning: grid_sample_gradfix not supported on PyTorch 2.14.0. Falling back to torch.nn.functional.grid_sample().
  warnings.warn(f'grid_sample_gradfix not supported on PyTorch {torch.__version__}. Falling back to torch.nn.functional.grid_sample().')
/Users/twixes/Developer/thispriestdoesnotexist/research/vendor/stylegan2-ada-pytorch/torch_utils/ops/grid_sample_gradfix.py:39: UserWarning: grid_sample_gradfix not supported on PyTorch 2.14.0. Falling back to torch.nn.functional.grid_sample().
  warnings.warn(f'grid_sample_gradfix not supported on PyTorch {torch.__version__}. Falling back to torch.nn.functional.grid_sample().')
/Users/twixes/Developer/thispriestdoesnotexist/research/vendor/stylegan2-ada-pytorch/torch_utils/ops/grid_sample_gradfix.py:39: UserWarning: grid_sample_gradfix not supported on PyTorch 2.14.0. Falling back to torch.nn.functional.grid_sample().
  warnings.warn(f'grid_sample_gradfix not supported on PyTorch {torch.__version__}. Falling back to torch.nn.functional.grid_sample().')
/Users/twixes/Developer/thispriestdoesnotexist/research/vendor/stylegan2-ada-pytorch/torch_utils/ops/grid_sample_gradfix.py:39: UserWarning: grid_sample_gradfix not supported on PyTorch 2.14.0. Falling back to torch.nn.functional.grid_sample().
  warnings.warn(f'grid_sample_gradfix not supported on PyTorch {torch.__version__}. Falling back to torch.nn.functional.grid_sample().')
/Users/twixes/Developer/thispriestdoesnotexist/research/vendor/stylegan2-ada-pytorch/torch_utils/ops/grid_sample_gradfix.py:39: UserWarning: grid_sample_gradfix not supported on PyTorch 2.14.0. Falling back to torch.nn.functional.grid_sample().
  warnings.warn(f'grid_sample_gradfix not supported on PyTorch {torch.__version__}. Falling back to torch.nn.functional.grid_sample().')
/Users/twixes/Developer/thispriestdoesnotexist/research/vendor/stylegan2-ada-pytorch/torch_utils/ops/grid_sample_gradfix.py:39: UserWarning: grid_sample_gradfix not supported on PyTorch 2.14.0. Falling back to torch.nn.functional.grid_sample().
  warnings.warn(f'grid_sample_gradfix not supported on PyTorch {torch.__version__}. Falling back to torch.nn.functional.grid_sample().')
/Users/twixes/Developer/thispriestdoesnotexist/research/vendor/stylegan2-ada-pytorch/torch_utils/ops/grid_sample_gradfix.py:39: UserWarning: grid_sample_gradfix not supported on PyTorch 2.14.0. Falling back to torch.nn.functional.grid_sample().
  warnings.warn(f'grid_sample_gradfix not supported on PyTorch {torch.__version__}. Falling back to torch.nn.functional.grid_sample().')
{"step": 13, "images_seen": 832, "kimg": 0.832, "seconds": 340.334520042059, "augment_p": 0.005119999870657921, "pl_mean": 0.13833051919937134, "phases": [{"phase": "Gmain", "gain_per_microbatch": 1, "rounds": 8, "seconds": 8.795427208999172}, {"phase": "Greg", "gain_per_microbatch": 4, "rounds": 8, "seconds": 39.1375499580754}, {"phase": "Dmain", "gain_per_microbatch": 1, "rounds": 8, "seconds": 13.24786754208617}], "statistics": {"Loss/scores/fake": -3.8685513734817505, "Loss/signs/fake": -1.0, "Loss/G/loss": 4.181470990180969, "Loss/pl_penalty": 0.17752666398882866, "Loss/G/reg": 0.3550533279776573, "Loss/scores/real": 5.580912947654724, "Loss/signs/real": 0.96875, "Loss/D/loss": 0.09641978610306978, "Loss/r1_penalty": 0.15134068951010704, "Loss/D/reg": 0.07567034475505352}}
/Users/twixes/Developer/thispriestdoesnotexist/research/vendor/stylegan2-ada-pytorch/torch_utils/ops/grid_sample_gradfix.py:39: UserWarning: grid_sample_gradfix not supported on PyTorch 2.14.0. Falling back to torch.nn.functional.grid_sample().
  warnings.warn(f'grid_sample_gradfix not supported on PyTorch {torch.__version__}. Falling back to torch.nn.functional.grid_sample().')
/Users/twixes/Developer/thispriestdoesnotexist/research/vendor/stylegan2-ada-pytorch/torch_utils/ops/grid_sample_gradfix.py:39: UserWarning: grid_sample_gradfix not supported on PyTorch 2.14.0. Falling back to torch.nn.functional.grid_sample().
  warnings.warn(f'grid_sample_gradfix not supported on PyTorch {torch.__version__}. Falling back to torch.nn.functional.grid_sample().')
/Users/twixes/Developer/thispriestdoesnotexist/research/vendor/stylegan2-ada-pytorch/torch_utils/ops/grid_sample_gradfix.py:39: UserWarning: grid_sample_gradfix not supported on PyTorch 2.14.0. Falling back to torch.nn.functional.grid_sample().
  warnings.warn(f'grid_sample_gradfix not supported on PyTorch {torch.__version__}. Falling back to torch.nn.functional.grid_sample().')
/Users/twixes/Developer/thispriestdoesnotexist/research/vendor/stylegan2-ada-pytorch/torch_utils/ops/grid_sample_gradfix.py:39: UserWarning: grid_sample_gradfix not supported on PyTorch 2.14.0. Falling back to torch.nn.functional.grid_sample().
  warnings.warn(f'grid_sample_gradfix not supported on PyTorch {torch.__version__}. Falling back to torch.nn.functional.grid_sample().')
/Users/twixes/Developer/thispriestdoesnotexist/research/vendor/stylegan2-ada-pytorch/torch_utils/ops/grid_sample_gradfix.py:39: UserWarning: grid_sample_gradfix not supported on PyTorch 2.14.0. Falling back to torch.nn.functional.grid_sample().
  warnings.warn(f'grid_sample_gradfix not supported on PyTorch {torch.__version__}. Falling back to torch.nn.functional.grid_sample().')
/Users/twixes/Developer/thispriestdoesnotexist/research/vendor/stylegan2-ada-pytorch/torch_utils/ops/grid_sample_gradfix.py:39: UserWarning: grid_sample_gradfix not supported on PyTorch 2.14.0. Falling back to torch.nn.functional.grid_sample().
  warnings.warn(f'grid_sample_gradfix not supported on PyTorch {torch.__version__}. Falling back to torch.nn.functional.grid_sample().')
/Users/twixes/Developer/thispriestdoesnotexist/research/vendor/stylegan2-ada-pytorch/torch_utils/ops/grid_sample_gradfix.py:39: UserWarning: grid_sample_gradfix not supported on PyTorch 2.14.0. Falling back to torch.nn.functional.grid_sample().
  warnings.warn(f'grid_sample_gradfix not supported on PyTorch {torch.__version__}. Falling back to torch.nn.functional.grid_sample().')
/Users/twixes/Developer/thispriestdoesnotexist/research/vendor/stylegan2-ada-pytorch/torch_utils/ops/grid_sample_gradfix.py:39: UserWarning: grid_sample_gradfix not supported on PyTorch 2.14.0. Falling back to torch.nn.functional.grid_sample().
  warnings.warn(f'grid_sample_gradfix not supported on PyTorch {torch.__version__}. Falling back to torch.nn.functional.grid_sample().')
/Users/twixes/Developer/thispriestdoesnotexist/research/vendor/stylegan2-ada-pytorch/torch_utils/ops/grid_sample_gradfix.py:39: UserWarning: grid_sample_gradfix not supported on PyTorch 2.14.0. Falling back to torch.nn.functional.grid_sample().
  warnings.warn(f'grid_sample_gradfix not supported on PyTorch {torch.__version__}. Falling back to torch.nn.functional.grid_sample().')
/Users/twixes/Developer/thispriestdoesnotexist/research/vendor/stylegan2-ada-pytorch/torch_utils/ops/grid_sample_gradfix.py:39: UserWarning: grid_sample_gradfix not supported on PyTorch 2.14.0. Falling back to torch.nn.functional.grid_sample().
  warnings.warn(f'grid_sample_gradfix not supported on PyTorch {torch.__version__}. Falling back to torch.nn.functional.grid_sample().')
/Users/twixes/Developer/thispriestdoesnotexist/research/vendor/stylegan2-ada-pytorch/torch_utils/ops/grid_sample_gradfix.py:39: UserWarning: grid_sample_gradfix not supported on PyTorch 2.14.0. Falling back to torch.nn.functional.grid_sample().
  warnings.warn(f'grid_sample_gradfix not supported on PyTorch {torch.__version__}. Falling back to torch.nn.functional.grid_sample().')
/Users/twixes/Developer/thispriestdoesnotexist/research/vendor/stylegan2-ada-pytorch/torch_utils/ops/grid_sample_gradfix.py:39: UserWarning: grid_sample_gradfix not supported on PyTorch 2.14.0. Falling back to torch.nn.functional.grid_sample().
  warnings.warn(f'grid_sample_gradfix not supported on PyTorch {torch.__version__}. Falling back to torch.nn.functional.grid_sample().')
/Users/twixes/Developer/thispriestdoesnotexist/research/vendor/stylegan2-ada-pytorch/torch_utils/ops/grid_sample_gradfix.py:39: UserWarning: grid_sample_gradfix not supported on PyTorch 2.14.0. Falling back to torch.nn.functional.grid_sample().
  warnings.warn(f'grid_sample_gradfix not supported on PyTorch {torch.__version__}. Falling back to torch.nn.functional.grid_sample().')
/Users/twixes/Developer/thispriestdoesnotexist/research/vendor/stylegan2-ada-pytorch/torch_utils/ops/grid_sample_gradfix.py:39: UserWarning: grid_sample_gradfix not supported on PyTorch 2.14.0. Falling back to torch.nn.functional.grid_sample().
  warnings.warn(f'grid_sample_gradfix not supported on PyTorch {torch.__version__}. Falling back to torch.nn.functional.grid_sample().')
/Users/twixes/Developer/thispriestdoesnotexist/research/vendor/stylegan2-ada-pytorch/torch_utils/ops/grid_sample_gradfix.py:39: UserWarning: grid_sample_gradfix not supported on PyTorch 2.14.0. Falling back to torch.nn.functional.grid_sample().
  warnings.warn(f'grid_sample_gradfix not supported on PyTorch {torch.__version__}. Falling back to torch.nn.functional.grid_sample().')
/Users/twixes/Developer/thispriestdoesnotexist/research/vendor/stylegan2-ada-pytorch/torch_utils/ops/grid_sample_gradfix.py:39: UserWarning: grid_sample_gradfix not supported on PyTorch 2.14.0. Falling back to torch.nn.functional.grid_sample().
  warnings.warn(f'grid_sample_gradfix not supported on PyTorch {torch.__version__}. Falling back to torch.nn.functional.grid_sample().')
/Users/twixes/Developer/thispriestdoesnotexist/research/vendor/stylegan2-ada-pytorch/torch_utils/ops/grid_sample_gradfix.py:39: UserWarning: grid_sample_gradfix not supported on PyTorch 2.14.0. Falling back to torch.nn.functional.grid_sample().
  warnings.warn(f'grid_sample_gradfix not supported on PyTorch {torch.__version__}. Falling back to torch.nn.functional.grid_sample().')
/Users/twixes/Developer/thispriestdoesnotexist/research/vendor/stylegan2-ada-pytorch/torch_utils/ops/grid_sample_gradfix.py:39: UserWarning: grid_sample_gradfix not supported on PyTorch 2.14.0. Falling back to torch.nn.functional.grid_sample().
  warnings.warn(f'grid_sample_gradfix not supported on PyTorch {torch.__version__}. Falling back to torch.nn.functional.grid_sample().')
/Users/twixes/Developer/thispriestdoesnotexist/research/vendor/stylegan2-ada-pytorch/torch_utils/ops/grid_sample_gradfix.py:39: UserWarning: grid_sample_gradfix not supported on PyTorch 2.14.0. Falling back to torch.nn.functional.grid_sample().
  warnings.warn(f'grid_sample_gradfix not supported on PyTorch {torch.__version__}. Falling back to torch.nn.functional.grid_sample().')
/Users/twixes/Developer/thispriestdoesnotexist/research/vendor/stylegan2-ada-pytorch/torch_utils/ops/grid_sample_gradfix.py:39: UserWarning: grid_sample_gradfix not supported on PyTorch 2.14.0. Falling back to torch.nn.functional.grid_sample().
  warnings.warn(f'grid_sample_gradfix not supported on PyTorch {torch.__version__}. Falling back to torch.nn.functional.grid_sample().')
/Users/twixes/Developer/thispriestdoesnotexist/research/vendor/stylegan2-ada-pytorch/torch_utils/ops/grid_sample_gradfix.py:39: UserWarning: grid_sample_gradfix not supported on PyTorch 2.14.0. Falling back to torch.nn.functional.grid_sample().
  warnings.warn(f'grid_sample_gradfix not supported on PyTorch {torch.__version__}. Falling back to torch.nn.functional.grid_sample().')
/Users/twixes/Developer/thispriestdoesnotexist/research/vendor/stylegan2-ada-pytorch/torch_utils/ops/grid_sample_gradfix.py:39: UserWarning: grid_sample_gradfix not supported on PyTorch 2.14.0. Falling back to torch.nn.functional.grid_sample().
  warnings.warn(f'grid_sample_gradfix not supported on PyTorch {torch.__version__}. Falling back to torch.nn.functional.grid_sample().')
/Users/twixes/Developer/thispriestdoesnotexist/research/vendor/stylegan2-ada-pytorch/torch_utils/ops/grid_sample_gradfix.py:39: UserWarning: grid_sample_gradfix not supported on PyTorch 2.14.0. Falling back to torch.nn.functional.grid_sample().
  warnings.warn(f'grid_sample_gradfix not supported on PyTorch {torch.__version__}. Falling back to torch.nn.functional.grid_sample().')
/Users/twixes/Developer/thispriestdoesnotexist/research/vendor/stylegan2-ada-pytorch/torch_utils/ops/grid_sample_gradfix.py:39: UserWarning: grid_sample_gradfix not supported on PyTorch 2.14.0. Falling back to torch.nn.functional.grid_sample().
  warnings.warn(f'grid_sample_gradfix not supported on PyTorch {torch.__version__}. Falling back to torch.nn.functional.grid_sample().')
{"step": 14, "images_seen": 896, "kimg": 0.896, "seconds": 354.2726928750053, "augment_p": 0.005119999870657921, "pl_mean": 0.13833051919937134, "phases": [{"phase": "Gmain", "gain_per_microbatch": 1, "rounds": 8, "seconds": 5.435419250046834}, {"phase": "Dmain", "gain_per_microbatch": 1, "rounds": 8, "seconds": 8.208476042025723}], "statistics": {"Loss/scores/fake": -5.304731637239456, "Loss/signs/fake": -1.0, "Loss/G/loss": 5.741489291191101, "Loss/pl_penalty": 0.17752666398882866, "Loss/G/reg": 0.3550533279776573, "Loss/scores/real": 5.044096052646637, "Loss/signs/real": 0.96875, "Loss/D/loss": 0.055327948299236596, "Loss/r1_penalty": 0.15134068951010704, "Loss/D/reg": 0.07567034475505352}}
/Users/twixes/Developer/thispriestdoesnotexist/research/vendor/stylegan2-ada-pytorch/torch_utils/ops/grid_sample_gradfix.py:39: UserWarning: grid_sample_gradfix not supported on PyTorch 2.14.0. Falling back to torch.nn.functional.grid_sample().
  warnings.warn(f'grid_sample_gradfix not supported on PyTorch {torch.__version__}. Falling back to torch.nn.functional.grid_sample().')
/Users/twixes/Developer/thispriestdoesnotexist/research/vendor/stylegan2-ada-pytorch/torch_utils/ops/grid_sample_gradfix.py:39: UserWarning: grid_sample_gradfix not supported on PyTorch 2.14.0. Falling back to torch.nn.functional.grid_sample().
  warnings.warn(f'grid_sample_gradfix not supported on PyTorch {torch.__version__}. Falling back to torch.nn.functional.grid_sample().')
/Users/twixes/Developer/thispriestdoesnotexist/research/vendor/stylegan2-ada-pytorch/torch_utils/ops/grid_sample_gradfix.py:39: UserWarning: grid_sample_gradfix not supported on PyTorch 2.14.0. Falling back to torch.nn.functional.grid_sample().
  warnings.warn(f'grid_sample_gradfix not supported on PyTorch {torch.__version__}. Falling back to torch.nn.functional.grid_sample().')
/Users/twixes/Developer/thispriestdoesnotexist/research/vendor/stylegan2-ada-pytorch/torch_utils/ops/grid_sample_gradfix.py:39: UserWarning: grid_sample_gradfix not supported on PyTorch 2.14.0. Falling back to torch.nn.functional.grid_sample().
  warnings.warn(f'grid_sample_gradfix not supported on PyTorch {torch.__version__}. Falling back to torch.nn.functional.grid_sample().')
/Users/twixes/Developer/thispriestdoesnotexist/research/vendor/stylegan2-ada-pytorch/torch_utils/ops/grid_sample_gradfix.py:39: UserWarning: grid_sample_gradfix not supported on PyTorch 2.14.0. Falling back to torch.nn.functional.grid_sample().
  warnings.warn(f'grid_sample_gradfix not supported on PyTorch {torch.__version__}. Falling back to torch.nn.functional.grid_sample().')
/Users/twixes/Developer/thispriestdoesnotexist/research/vendor/stylegan2-ada-pytorch/torch_utils/ops/grid_sample_gradfix.py:39: UserWarning: grid_sample_gradfix not supported on PyTorch 2.14.0. Falling back to torch.nn.functional.grid_sample().
  warnings.warn(f'grid_sample_gradfix not supported on PyTorch {torch.__version__}. Falling back to torch.nn.functional.grid_sample().')
/Users/twixes/Developer/thispriestdoesnotexist/research/vendor/stylegan2-ada-pytorch/torch_utils/ops/grid_sample_gradfix.py:39: UserWarning: grid_sample_gradfix not supported on PyTorch 2.14.0. Falling back to torch.nn.functional.grid_sample().
  warnings.warn(f'grid_sample_gradfix not supported on PyTorch {torch.__version__}. Falling back to torch.nn.functional.grid_sample().')
/Users/twixes/Developer/thispriestdoesnotexist/research/vendor/stylegan2-ada-pytorch/torch_utils/ops/grid_sample_gradfix.py:39: UserWarning: grid_sample_gradfix not supported on PyTorch 2.14.0. Falling back to torch.nn.functional.grid_sample().
  warnings.warn(f'grid_sample_gradfix not supported on PyTorch {torch.__version__}. Falling back to torch.nn.functional.grid_sample().')
/Users/twixes/Developer/thispriestdoesnotexist/research/vendor/stylegan2-ada-pytorch/torch_utils/ops/grid_sample_gradfix.py:39: UserWarning: grid_sample_gradfix not supported on PyTorch 2.14.0. Falling back to torch.nn.functional.grid_sample().
  warnings.warn(f'grid_sample_gradfix not supported on PyTorch {torch.__version__}. Falling back to torch.nn.functional.grid_sample().')
/Users/twixes/Developer/thispriestdoesnotexist/research/vendor/stylegan2-ada-pytorch/torch_utils/ops/grid_sample_gradfix.py:39: UserWarning: grid_sample_gradfix not supported on PyTorch 2.14.0. Falling back to torch.nn.functional.grid_sample().
  warnings.warn(f'grid_sample_gradfix not supported on PyTorch {torch.__version__}. Falling back to torch.nn.functional.grid_sample().')
/Users/twixes/Developer/thispriestdoesnotexist/research/vendor/stylegan2-ada-pytorch/torch_utils/ops/grid_sample_gradfix.py:39: UserWarning: grid_sample_gradfix not supported on PyTorch 2.14.0. Falling back to torch.nn.functional.grid_sample().
  warnings.warn(f'grid_sample_gradfix not supported on PyTorch {torch.__version__}. Falling back to torch.nn.functional.grid_sample().')
/Users/twixes/Developer/thispriestdoesnotexist/research/vendor/stylegan2-ada-pytorch/torch_utils/ops/grid_sample_gradfix.py:39: UserWarning: grid_sample_gradfix not supported on PyTorch 2.14.0. Falling back to torch.nn.functional.grid_sample().
  warnings.warn(f'grid_sample_gradfix not supported on PyTorch {torch.__version__}. Falling back to torch.nn.functional.grid_sample().')
/Users/twixes/Developer/thispriestdoesnotexist/research/vendor/stylegan2-ada-pytorch/torch_utils/ops/grid_sample_gradfix.py:39: UserWarning: grid_sample_gradfix not supported on PyTorch 2.14.0. Falling back to torch.nn.functional.grid_sample().
  warnings.warn(f'grid_sample_gradfix not supported on PyTorch {torch.__version__}. Falling back to torch.nn.functional.grid_sample().')
/Users/twixes/Developer/thispriestdoesnotexist/research/vendor/stylegan2-ada-pytorch/torch_utils/ops/grid_sample_gradfix.py:39: UserWarning: grid_sample_gradfix not supported on PyTorch 2.14.0. Falling back to torch.nn.functional.grid_sample().
  warnings.warn(f'grid_sample_gradfix not supported on PyTorch {torch.__version__}. Falling back to torch.nn.functional.grid_sample().')
/Users/twixes/Developer/thispriestdoesnotexist/research/vendor/stylegan2-ada-pytorch/torch_utils/ops/grid_sample_gradfix.py:39: UserWarning: grid_sample_gradfix not supported on PyTorch 2.14.0. Falling back to torch.nn.functional.grid_sample().
  warnings.warn(f'grid_sample_gradfix not supported on PyTorch {torch.__version__}. Falling back to torch.nn.functional.grid_sample().')
/Users/twixes/Developer/thispriestdoesnotexist/research/vendor/stylegan2-ada-pytorch/torch_utils/ops/grid_sample_gradfix.py:39: UserWarning: grid_sample_gradfix not supported on PyTorch 2.14.0. Falling back to torch.nn.functional.grid_sample().
  warnings.warn(f'grid_sample_gradfix not supported on PyTorch {torch.__version__}. Falling back to torch.nn.functional.grid_sample().')
/Users/twixes/Developer/thispriestdoesnotexist/research/vendor/stylegan2-ada-pytorch/torch_utils/ops/grid_sample_gradfix.py:39: UserWarning: grid_sample_gradfix not supported on PyTorch 2.14.0. Falling back to torch.nn.functional.grid_sample().
  warnings.warn(f'grid_sample_gradfix not supported on PyTorch {torch.__version__}. Falling back to torch.nn.functional.grid_sample().')
/Users/twixes/Developer/thispriestdoesnotexist/research/vendor/stylegan2-ada-pytorch/torch_utils/ops/grid_sample_gradfix.py:39: UserWarning: grid_sample_gradfix not supported on PyTorch 2.14.0. Falling back to torch.nn.functional.grid_sample().
  warnings.warn(f'grid_sample_gradfix not supported on PyTorch {torch.__version__}. Falling back to torch.nn.functional.grid_sample().')
/Users/twixes/Developer/thispriestdoesnotexist/research/vendor/stylegan2-ada-pytorch/torch_utils/ops/grid_sample_gradfix.py:39: UserWarning: grid_sample_gradfix not supported on PyTorch 2.14.0. Falling back to torch.nn.functional.grid_sample().
  warnings.warn(f'grid_sample_gradfix not supported on PyTorch {torch.__version__}. Falling back to torch.nn.functional.grid_sample().')
/Users/twixes/Developer/thispriestdoesnotexist/research/vendor/stylegan2-ada-pytorch/torch_utils/ops/grid_sample_gradfix.py:39: UserWarning: grid_sample_gradfix not supported on PyTorch 2.14.0. Falling back to torch.nn.functional.grid_sample().
  warnings.warn(f'grid_sample_gradfix not supported on PyTorch {torch.__version__}. Falling back to torch.nn.functional.grid_sample().')
/Users/twixes/Developer/thispriestdoesnotexist/research/vendor/stylegan2-ada-pytorch/torch_utils/ops/grid_sample_gradfix.py:39: UserWarning: grid_sample_gradfix not supported on PyTorch 2.14.0. Falling back to torch.nn.functional.grid_sample().
  warnings.warn(f'grid_sample_gradfix not supported on PyTorch {torch.__version__}. Falling back to torch.nn.functional.grid_sample().')
/Users/twixes/Developer/thispriestdoesnotexist/research/vendor/stylegan2-ada-pytorch/torch_utils/ops/grid_sample_gradfix.py:39: UserWarning: grid_sample_gradfix not supported on PyTorch 2.14.0. Falling back to torch.nn.functional.grid_sample().
  warnings.warn(f'grid_sample_gradfix not supported on PyTorch {torch.__version__}. Falling back to torch.nn.functional.grid_sample().')
/Users/twixes/Developer/thispriestdoesnotexist/research/vendor/stylegan2-ada-pytorch/torch_utils/ops/grid_sample_gradfix.py:39: UserWarning: grid_sample_gradfix not supported on PyTorch 2.14.0. Falling back to torch.nn.functional.grid_sample().
  warnings.warn(f'grid_sample_gradfix not supported on PyTorch {torch.__version__}. Falling back to torch.nn.functional.grid_sample().')
/Users/twixes/Developer/thispriestdoesnotexist/research/vendor/stylegan2-ada-pytorch/torch_utils/ops/grid_sample_gradfix.py:39: UserWarning: grid_sample_gradfix not supported on PyTorch 2.14.0. Falling back to torch.nn.functional.grid_sample().
  warnings.warn(f'grid_sample_gradfix not supported on PyTorch {torch.__version__}. Falling back to torch.nn.functional.grid_sample().')
{"step": 15, "images_seen": 960, "kimg": 0.96, "seconds": 374.64829704200383, "augment_p": 0.005119999870657921, "pl_mean": 0.13833051919937134, "phases": [{"phase": "Gmain", "gain_per_microbatch": 1, "rounds": 8, "seconds": 8.5355966250645}, {"phase": "Dmain", "gain_per_microbatch": 1, "rounds": 8, "seconds": 11.397749916068278}], "statistics": {"Loss/scores/fake": -4.589903563261032, "Loss/signs/fake": -1.0, "Loss/G/loss": 4.511378467082977, "Loss/pl_penalty": 0.17752666398882866, "Loss/G/reg": 0.3550533279776573, "Loss/scores/real": 5.584997117519379, "Loss/signs/real": 0.96875, "Loss/D/loss": 0.062109338701702654, "Loss/r1_penalty": 0.15134068951010704, "Loss/D/reg": 0.07567034475505352}}
/Users/twixes/Developer/thispriestdoesnotexist/research/vendor/stylegan2-ada-pytorch/torch_utils/ops/grid_sample_gradfix.py:39: UserWarning: grid_sample_gradfix not supported on PyTorch 2.14.0. Falling back to torch.nn.functional.grid_sample().
  warnings.warn(f'grid_sample_gradfix not supported on PyTorch {torch.__version__}. Falling back to torch.nn.functional.grid_sample().')
/Users/twixes/Developer/thispriestdoesnotexist/research/vendor/stylegan2-ada-pytorch/torch_utils/ops/grid_sample_gradfix.py:39: UserWarning: grid_sample_gradfix not supported on PyTorch 2.14.0. Falling back to torch.nn.functional.grid_sample().
  warnings.warn(f'grid_sample_gradfix not supported on PyTorch {torch.__version__}. Falling back to torch.nn.functional.grid_sample().')
/Users/twixes/Developer/thispriestdoesnotexist/research/vendor/stylegan2-ada-pytorch/torch_utils/ops/grid_sample_gradfix.py:39: UserWarning: grid_sample_gradfix not supported on PyTorch 2.14.0. Falling back to torch.nn.functional.grid_sample().
  warnings.warn(f'grid_sample_gradfix not supported on PyTorch {torch.__version__}. Falling back to torch.nn.functional.grid_sample().')
/Users/twixes/Developer/thispriestdoesnotexist/research/vendor/stylegan2-ada-pytorch/torch_utils/ops/grid_sample_gradfix.py:39: UserWarning: grid_sample_gradfix not supported on PyTorch 2.14.0. Falling back to torch.nn.functional.grid_sample().
  warnings.warn(f'grid_sample_gradfix not supported on PyTorch {torch.__version__}. Falling back to torch.nn.functional.grid_sample().')
/Users/twixes/Developer/thispriestdoesnotexist/research/vendor/stylegan2-ada-pytorch/torch_utils/ops/grid_sample_gradfix.py:39: UserWarning: grid_sample_gradfix not supported on PyTorch 2.14.0. Falling back to torch.nn.functional.grid_sample().
  warnings.warn(f'grid_sample_gradfix not supported on PyTorch {torch.__version__}. Falling back to torch.nn.functional.grid_sample().')
/Users/twixes/Developer/thispriestdoesnotexist/research/vendor/stylegan2-ada-pytorch/torch_utils/ops/grid_sample_gradfix.py:39: UserWarning: grid_sample_gradfix not supported on PyTorch 2.14.0. Falling back to torch.nn.functional.grid_sample().
  warnings.warn(f'grid_sample_gradfix not supported on PyTorch {torch.__version__}. Falling back to torch.nn.functional.grid_sample().')
/Users/twixes/Developer/thispriestdoesnotexist/research/vendor/stylegan2-ada-pytorch/torch_utils/ops/grid_sample_gradfix.py:39: UserWarning: grid_sample_gradfix not supported on PyTorch 2.14.0. Falling back to torch.nn.functional.grid_sample().
  warnings.warn(f'grid_sample_gradfix not supported on PyTorch {torch.__version__}. Falling back to torch.nn.functional.grid_sample().')
/Users/twixes/Developer/thispriestdoesnotexist/research/vendor/stylegan2-ada-pytorch/torch_utils/ops/grid_sample_gradfix.py:39: UserWarning: grid_sample_gradfix not supported on PyTorch 2.14.0. Falling back to torch.nn.functional.grid_sample().
  warnings.warn(f'grid_sample_gradfix not supported on PyTorch {torch.__version__}. Falling back to torch.nn.functional.grid_sample().')
/Users/twixes/Developer/thispriestdoesnotexist/research/vendor/stylegan2-ada-pytorch/torch_utils/ops/grid_sample_gradfix.py:39: UserWarning: grid_sample_gradfix not supported on PyTorch 2.14.0. Falling back to torch.nn.functional.grid_sample().
  warnings.warn(f'grid_sample_gradfix not supported on PyTorch {torch.__version__}. Falling back to torch.nn.functional.grid_sample().')
/Users/twixes/Developer/thispriestdoesnotexist/research/vendor/stylegan2-ada-pytorch/torch_utils/ops/grid_sample_gradfix.py:39: UserWarning: grid_sample_gradfix not supported on PyTorch 2.14.0. Falling back to torch.nn.functional.grid_sample().
  warnings.warn(f'grid_sample_gradfix not supported on PyTorch {torch.__version__}. Falling back to torch.nn.functional.grid_sample().')
/Users/twixes/Developer/thispriestdoesnotexist/research/vendor/stylegan2-ada-pytorch/torch_utils/ops/grid_sample_gradfix.py:39: UserWarning: grid_sample_gradfix not supported on PyTorch 2.14.0. Falling back to torch.nn.functional.grid_sample().
  warnings.warn(f'grid_sample_gradfix not supported on PyTorch {torch.__version__}. Falling back to torch.nn.functional.grid_sample().')
/Users/twixes/Developer/thispriestdoesnotexist/research/vendor/stylegan2-ada-pytorch/torch_utils/ops/grid_sample_gradfix.py:39: UserWarning: grid_sample_gradfix not supported on PyTorch 2.14.0. Falling back to torch.nn.functional.grid_sample().
  warnings.warn(f'grid_sample_gradfix not supported on PyTorch {torch.__version__}. Falling back to torch.nn.functional.grid_sample().')
/Users/twixes/Developer/thispriestdoesnotexist/research/vendor/stylegan2-ada-pytorch/torch_utils/ops/grid_sample_gradfix.py:39: UserWarning: grid_sample_gradfix not supported on PyTorch 2.14.0. Falling back to torch.nn.functional.grid_sample().
  warnings.warn(f'grid_sample_gradfix not supported on PyTorch {torch.__version__}. Falling back to torch.nn.functional.grid_sample().')
/Users/twixes/Developer/thispriestdoesnotexist/research/vendor/stylegan2-ada-pytorch/torch_utils/ops/grid_sample_gradfix.py:39: UserWarning: grid_sample_gradfix not supported on PyTorch 2.14.0. Falling back to torch.nn.functional.grid_sample().
  warnings.warn(f'grid_sample_gradfix not supported on PyTorch {torch.__version__}. Falling back to torch.nn.functional.grid_sample().')
/Users/twixes/Developer/thispriestdoesnotexist/research/vendor/stylegan2-ada-pytorch/torch_utils/ops/grid_sample_gradfix.py:39: UserWarning: grid_sample_gradfix not supported on PyTorch 2.14.0. Falling back to torch.nn.functional.grid_sample().
  warnings.warn(f'grid_sample_gradfix not supported on PyTorch {torch.__version__}. Falling back to torch.nn.functional.grid_sample().')
/Users/twixes/Developer/thispriestdoesnotexist/research/vendor/stylegan2-ada-pytorch/torch_utils/ops/grid_sample_gradfix.py:39: UserWarning: grid_sample_gradfix not supported on PyTorch 2.14.0. Falling back to torch.nn.functional.grid_sample().
  warnings.warn(f'grid_sample_gradfix not supported on PyTorch {torch.__version__}. Falling back to torch.nn.functional.grid_sample().')
/Users/twixes/Developer/thispriestdoesnotexist/research/vendor/stylegan2-ada-pytorch/torch_utils/ops/grid_sample_gradfix.py:39: UserWarning: grid_sample_gradfix not supported on PyTorch 2.14.0. Falling back to torch.nn.functional.grid_sample().
  warnings.warn(f'grid_sample_gradfix not supported on PyTorch {torch.__version__}. Falling back to torch.nn.functional.grid_sample().')
/Users/twixes/Developer/thispriestdoesnotexist/research/vendor/stylegan2-ada-pytorch/torch_utils/ops/grid_sample_gradfix.py:39: UserWarning: grid_sample_gradfix not supported on PyTorch 2.14.0. Falling back to torch.nn.functional.grid_sample().
  warnings.warn(f'grid_sample_gradfix not supported on PyTorch {torch.__version__}. Falling back to torch.nn.functional.grid_sample().')
/Users/twixes/Developer/thispriestdoesnotexist/research/vendor/stylegan2-ada-pytorch/torch_utils/ops/grid_sample_gradfix.py:39: UserWarning: grid_sample_gradfix not supported on PyTorch 2.14.0. Falling back to torch.nn.functional.grid_sample().
  warnings.warn(f'grid_sample_gradfix not supported on PyTorch {torch.__version__}. Falling back to torch.nn.functional.grid_sample().')
/Users/twixes/Developer/thispriestdoesnotexist/research/vendor/stylegan2-ada-pytorch/torch_utils/ops/grid_sample_gradfix.py:39: UserWarning: grid_sample_gradfix not supported on PyTorch 2.14.0. Falling back to torch.nn.functional.grid_sample().
  warnings.warn(f'grid_sample_gradfix not supported on PyTorch {torch.__version__}. Falling back to torch.nn.functional.grid_sample().')
/Users/twixes/Developer/thispriestdoesnotexist/research/vendor/stylegan2-ada-pytorch/torch_utils/ops/grid_sample_gradfix.py:39: UserWarning: grid_sample_gradfix not supported on PyTorch 2.14.0. Falling back to torch.nn.functional.grid_sample().
  warnings.warn(f'grid_sample_gradfix not supported on PyTorch {torch.__version__}. Falling back to torch.nn.functional.grid_sample().')
/Users/twixes/Developer/thispriestdoesnotexist/research/vendor/stylegan2-ada-pytorch/torch_utils/ops/grid_sample_gradfix.py:39: UserWarning: grid_sample_gradfix not supported on PyTorch 2.14.0. Falling back to torch.nn.functional.grid_sample().
  warnings.warn(f'grid_sample_gradfix not supported on PyTorch {torch.__version__}. Falling back to torch.nn.functional.grid_sample().')
/Users/twixes/Developer/thispriestdoesnotexist/research/vendor/stylegan2-ada-pytorch/torch_utils/ops/grid_sample_gradfix.py:39: UserWarning: grid_sample_gradfix not supported on PyTorch 2.14.0. Falling back to torch.nn.functional.grid_sample().
  warnings.warn(f'grid_sample_gradfix not supported on PyTorch {torch.__version__}. Falling back to torch.nn.functional.grid_sample().')
/Users/twixes/Developer/thispriestdoesnotexist/research/vendor/stylegan2-ada-pytorch/torch_utils/ops/grid_sample_gradfix.py:39: UserWarning: grid_sample_gradfix not supported on PyTorch 2.14.0. Falling back to torch.nn.functional.grid_sample().
  warnings.warn(f'grid_sample_gradfix not supported on PyTorch {torch.__version__}. Falling back to torch.nn.functional.grid_sample().')
{"step": 16, "images_seen": 1024, "kimg": 1.024, "seconds": 395.06045483308844, "augment_p": 0.007679999805986881, "pl_mean": 0.13833051919937134, "phases": [{"phase": "Gmain", "gain_per_microbatch": 1, "rounds": 8, "seconds": 8.598576875054277}, {"phase": "Dmain", "gain_per_microbatch": 1, "rounds": 8, "seconds": 11.28464987501502}], "statistics": {"Loss/scores/fake": -3.391118511557579, "Loss/signs/fake": -0.984375, "Loss/G/loss": 4.224213778972626, "Loss/pl_penalty": 0.17752666398882866, "Loss/G/reg": 0.3550533279776573, "Loss/scores/real": 6.269612371921539, "Loss/signs/real": 1.0, "Loss/D/loss": 0.15457437746226788, "Loss/r1_penalty": 0.15134068951010704, "Loss/D/reg": 0.07567034475505352}}
/Users/twixes/Developer/thispriestdoesnotexist/research/vendor/stylegan2-ada-pytorch/torch_utils/ops/grid_sample_gradfix.py:39: UserWarning: grid_sample_gradfix not supported on PyTorch 2.14.0. Falling back to torch.nn.functional.grid_sample().
  warnings.warn(f'grid_sample_gradfix not supported on PyTorch {torch.__version__}. Falling back to torch.nn.functional.grid_sample().')
/Users/twixes/Developer/thispriestdoesnotexist/research/vendor/stylegan2-ada-pytorch/torch_utils/ops/grid_sample_gradfix.py:39: UserWarning: grid_sample_gradfix not supported on PyTorch 2.14.0. Falling back to torch.nn.functional.grid_sample().
  warnings.warn(f'grid_sample_gradfix not supported on PyTorch {torch.__version__}. Falling back to torch.nn.functional.grid_sample().')
/Users/twixes/Developer/thispriestdoesnotexist/research/vendor/stylegan2-ada-pytorch/torch_utils/ops/grid_sample_gradfix.py:39: UserWarning: grid_sample_gradfix not supported on PyTorch 2.14.0. Falling back to torch.nn.functional.grid_sample().
  warnings.warn(f'grid_sample_gradfix not supported on PyTorch {torch.__version__}. Falling back to torch.nn.functional.grid_sample().')
/Users/twixes/Developer/thispriestdoesnotexist/research/vendor/stylegan2-ada-pytorch/torch_utils/ops/grid_sample_gradfix.py:39: UserWarning: grid_sample_gradfix not supported on PyTorch 2.14.0. Falling back to torch.nn.functional.grid_sample().
  warnings.warn(f'grid_sample_gradfix not supported on PyTorch {torch.__version__}. Falling back to torch.nn.functional.grid_sample().')
/Users/twixes/Developer/thispriestdoesnotexist/research/vendor/stylegan2-ada-pytorch/torch_utils/ops/grid_sample_gradfix.py:39: UserWarning: grid_sample_gradfix not supported on PyTorch 2.14.0. Falling back to torch.nn.functional.grid_sample().
  warnings.warn(f'grid_sample_gradfix not supported on PyTorch {torch.__version__}. Falling back to torch.nn.functional.grid_sample().')
/Users/twixes/Developer/thispriestdoesnotexist/research/vendor/stylegan2-ada-pytorch/torch_utils/ops/grid_sample_gradfix.py:39: UserWarning: grid_sample_gradfix not supported on PyTorch 2.14.0. Falling back to torch.nn.functional.grid_sample().
  warnings.warn(f'grid_sample_gradfix not supported on PyTorch {torch.__version__}. Falling back to torch.nn.functional.grid_sample().')
/Users/twixes/Developer/thispriestdoesnotexist/research/vendor/stylegan2-ada-pytorch/torch_utils/ops/grid_sample_gradfix.py:39: UserWarning: grid_sample_gradfix not supported on PyTorch 2.14.0. Falling back to torch.nn.functional.grid_sample().
  warnings.warn(f'grid_sample_gradfix not supported on PyTorch {torch.__version__}. Falling back to torch.nn.functional.grid_sample().')
/Users/twixes/Developer/thispriestdoesnotexist/research/vendor/stylegan2-ada-pytorch/torch_utils/ops/grid_sample_gradfix.py:39: UserWarning: grid_sample_gradfix not supported on PyTorch 2.14.0. Falling back to torch.nn.functional.grid_sample().
  warnings.warn(f'grid_sample_gradfix not supported on PyTorch {torch.__version__}. Falling back to torch.nn.functional.grid_sample().')
/Users/twixes/Developer/thispriestdoesnotexist/research/vendor/stylegan2-ada-pytorch/torch_utils/ops/grid_sample_gradfix.py:39: UserWarning: grid_sample_gradfix not supported on PyTorch 2.14.0. Falling back to torch.nn.functional.grid_sample().
  warnings.warn(f'grid_sample_gradfix not supported on PyTorch {torch.__version__}. Falling back to torch.nn.functional.grid_sample().')
/Users/twixes/Developer/thispriestdoesnotexist/research/vendor/stylegan2-ada-pytorch/torch_utils/ops/grid_sample_gradfix.py:39: UserWarning: grid_sample_gradfix not supported on PyTorch 2.14.0. Falling back to torch.nn.functional.grid_sample().
  warnings.warn(f'grid_sample_gradfix not supported on PyTorch {torch.__version__}. Falling back to torch.nn.functional.grid_sample().')
/Users/twixes/Developer/thispriestdoesnotexist/research/vendor/stylegan2-ada-pytorch/torch_utils/ops/grid_sample_gradfix.py:39: UserWarning: grid_sample_gradfix not supported on PyTorch 2.14.0. Falling back to torch.nn.functional.grid_sample().
  warnings.warn(f'grid_sample_gradfix not supported on PyTorch {torch.__version__}. Falling back to torch.nn.functional.grid_sample().')
/Users/twixes/Developer/thispriestdoesnotexist/research/vendor/stylegan2-ada-pytorch/torch_utils/ops/grid_sample_gradfix.py:39: UserWarning: grid_sample_gradfix not supported on PyTorch 2.14.0. Falling back to torch.nn.functional.grid_sample().
  warnings.warn(f'grid_sample_gradfix not supported on PyTorch {torch.__version__}. Falling back to torch.nn.functional.grid_sample().')
/Users/twixes/Developer/thispriestdoesnotexist/research/vendor/stylegan2-ada-pytorch/torch_utils/ops/grid_sample_gradfix.py:39: UserWarning: grid_sample_gradfix not supported on PyTorch 2.14.0. Falling back to torch.nn.functional.grid_sample().
  warnings.warn(f'grid_sample_gradfix not supported on PyTorch {torch.__version__}. Falling back to torch.nn.functional.grid_sample().')
/Users/twixes/Developer/thispriestdoesnotexist/research/vendor/stylegan2-ada-pytorch/torch_utils/ops/grid_sample_gradfix.py:39: UserWarning: grid_sample_gradfix not supported on PyTorch 2.14.0. Falling back to torch.nn.functional.grid_sample().
  warnings.warn(f'grid_sample_gradfix not supported on PyTorch {torch.__version__}. Falling back to torch.nn.functional.grid_sample().')
/Users/twixes/Developer/thispriestdoesnotexist/research/vendor/stylegan2-ada-pytorch/torch_utils/ops/grid_sample_gradfix.py:39: UserWarning: grid_sample_gradfix not supported on PyTorch 2.14.0. Falling back to torch.nn.functional.grid_sample().
  warnings.warn(f'grid_sample_gradfix not supported on PyTorch {torch.__version__}. Falling back to torch.nn.functional.grid_sample().')
/Users/twixes/Developer/thispriestdoesnotexist/research/vendor/stylegan2-ada-pytorch/torch_utils/ops/grid_sample_gradfix.py:39: UserWarning: grid_sample_gradfix not supported on PyTorch 2.14.0. Falling back to torch.nn.functional.grid_sample().
  warnings.warn(f'grid_sample_gradfix not supported on PyTorch {torch.__version__}. Falling back to torch.nn.functional.grid_sample().')
/Users/twixes/Developer/thispriestdoesnotexist/research/vendor/stylegan2-ada-pytorch/torch_utils/ops/grid_sample_gradfix.py:39: UserWarning: grid_sample_gradfix not supported on PyTorch 2.14.0. Falling back to torch.nn.functional.grid_sample().
  warnings.warn(f'grid_sample_gradfix not supported on PyTorch {torch.__version__}. Falling back to torch.nn.functional.grid_sample().')
/Users/twixes/Developer/thispriestdoesnotexist/research/vendor/stylegan2-ada-pytorch/torch_utils/ops/grid_sample_gradfix.py:39: UserWarning: grid_sample_gradfix not supported on PyTorch 2.14.0. Falling back to torch.nn.functional.grid_sample().
  warnings.warn(f'grid_sample_gradfix not supported on PyTorch {torch.__version__}. Falling back to torch.nn.functional.grid_sample().')
/Users/twixes/Developer/thispriestdoesnotexist/research/vendor/stylegan2-ada-pytorch/torch_utils/ops/grid_sample_gradfix.py:39: UserWarning: grid_sample_gradfix not supported on PyTorch 2.14.0. Falling back to torch.nn.functional.grid_sample().
  warnings.warn(f'grid_sample_gradfix not supported on PyTorch {torch.__version__}. Falling back to torch.nn.functional.grid_sample().')
/Users/twixes/Developer/thispriestdoesnotexist/research/vendor/stylegan2-ada-pytorch/torch_utils/ops/grid_sample_gradfix.py:39: UserWarning: grid_sample_gradfix not supported on PyTorch 2.14.0. Falling back to torch.nn.functional.grid_sample().
  warnings.warn(f'grid_sample_gradfix not supported on PyTorch {torch.__version__}. Falling back to torch.nn.functional.grid_sample().')
/Users/twixes/Developer/thispriestdoesnotexist/research/vendor/stylegan2-ada-pytorch/torch_utils/ops/grid_sample_gradfix.py:39: UserWarning: grid_sample_gradfix not supported on PyTorch 2.14.0. Falling back to torch.nn.functional.grid_sample().
  warnings.warn(f'grid_sample_gradfix not supported on PyTorch {torch.__version__}. Falling back to torch.nn.functional.grid_sample().')
/Users/twixes/Developer/thispriestdoesnotexist/research/vendor/stylegan2-ada-pytorch/torch_utils/ops/grid_sample_gradfix.py:39: UserWarning: grid_sample_gradfix not supported on PyTorch 2.14.0. Falling back to torch.nn.functional.grid_sample().
  warnings.warn(f'grid_sample_gradfix not supported on PyTorch {torch.__version__}. Falling back to torch.nn.functional.grid_sample().')
/Users/twixes/Developer/thispriestdoesnotexist/research/vendor/stylegan2-ada-pytorch/torch_utils/ops/grid_sample_gradfix.py:39: UserWarning: grid_sample_gradfix not supported on PyTorch 2.14.0. Falling back to torch.nn.functional.grid_sample().
  warnings.warn(f'grid_sample_gradfix not supported on PyTorch {torch.__version__}. Falling back to torch.nn.functional.grid_sample().')
/Users/twixes/Developer/thispriestdoesnotexist/research/vendor/stylegan2-ada-pytorch/torch_utils/ops/grid_sample_gradfix.py:39: UserWarning: grid_sample_gradfix not supported on PyTorch 2.14.0. Falling back to torch.nn.functional.grid_sample().
  warnings.warn(f'grid_sample_gradfix not supported on PyTorch {torch.__version__}. Falling back to torch.nn.functional.grid_sample().')
/Users/twixes/Developer/thispriestdoesnotexist/research/vendor/stylegan2-ada-pytorch/torch_utils/ops/grid_sample_gradfix.py:39: UserWarning: grid_sample_gradfix not supported on PyTorch 2.14.0. Falling back to torch.nn.functional.grid_sample().
  warnings.warn(f'grid_sample_gradfix not supported on PyTorch {torch.__version__}. Falling back to torch.nn.functional.grid_sample().')
/Users/twixes/Developer/thispriestdoesnotexist/research/vendor/stylegan2-ada-pytorch/torch_utils/ops/grid_sample_gradfix.py:39: UserWarning: grid_sample_gradfix not supported on PyTorch 2.14.0. Falling back to torch.nn.functional.grid_sample().
  warnings.warn(f'grid_sample_gradfix not supported on PyTorch {torch.__version__}. Falling back to torch.nn.functional.grid_sample().')
/Users/twixes/Developer/thispriestdoesnotexist/research/vendor/stylegan2-ada-pytorch/torch_utils/ops/grid_sample_gradfix.py:39: UserWarning: grid_sample_gradfix not supported on PyTorch 2.14.0. Falling back to torch.nn.functional.grid_sample().
  warnings.warn(f'grid_sample_gradfix not supported on PyTorch {torch.__version__}. Falling back to torch.nn.functional.grid_sample().')
/Users/twixes/Developer/thispriestdoesnotexist/research/vendor/stylegan2-ada-pytorch/torch_utils/ops/grid_sample_gradfix.py:39: UserWarning: grid_sample_gradfix not supported on PyTorch 2.14.0. Falling back to torch.nn.functional.grid_sample().
  warnings.warn(f'grid_sample_gradfix not supported on PyTorch {torch.__version__}. Falling back to torch.nn.functional.grid_sample().')
/Users/twixes/Developer/thispriestdoesnotexist/research/vendor/stylegan2-ada-pytorch/torch_utils/ops/grid_sample_gradfix.py:39: UserWarning: grid_sample_gradfix not supported on PyTorch 2.14.0. Falling back to torch.nn.functional.grid_sample().
  warnings.warn(f'grid_sample_gradfix not supported on PyTorch {torch.__version__}. Falling back to torch.nn.functional.grid_sample().')
/Users/twixes/Developer/thispriestdoesnotexist/research/vendor/stylegan2-ada-pytorch/torch_utils/ops/grid_sample_gradfix.py:39: UserWarning: grid_sample_gradfix not supported on PyTorch 2.14.0. Falling back to torch.nn.functional.grid_sample().
  warnings.warn(f'grid_sample_gradfix not supported on PyTorch {torch.__version__}. Falling back to torch.nn.functional.grid_sample().')
/Users/twixes/Developer/thispriestdoesnotexist/research/vendor/stylegan2-ada-pytorch/torch_utils/ops/grid_sample_gradfix.py:39: UserWarning: grid_sample_gradfix not supported on PyTorch 2.14.0. Falling back to torch.nn.functional.grid_sample().
  warnings.warn(f'grid_sample_gradfix not supported on PyTorch {torch.__version__}. Falling back to torch.nn.functional.grid_sample().')
/Users/twixes/Developer/thispriestdoesnotexist/research/vendor/stylegan2-ada-pytorch/torch_utils/ops/grid_sample_gradfix.py:39: UserWarning: grid_sample_gradfix not supported on PyTorch 2.14.0. Falling back to torch.nn.functional.grid_sample().
  warnings.warn(f'grid_sample_gradfix not supported on PyTorch {torch.__version__}. Falling back to torch.nn.functional.grid_sample().')
{"step": 17, "images_seen": 1088, "kimg": 1.088, "seconds": 584.3644048750866, "augment_p": 0.007679999805986881, "pl_mean": 0.1628345549106598, "phases": [{"phase": "Gmain", "gain_per_microbatch": 1, "rounds": 8, "seconds": 5.505542333004996}, {"phase": "Greg", "gain_per_microbatch": 4, "rounds": 8, "seconds": 39.125011208001524}, {"phase": "Dmain", "gain_per_microbatch": 1, "rounds": 8, "seconds": 10.345977500081062}, {"phase": "Dreg", "gain_per_microbatch": 16, "rounds": 8, "seconds": 133.93788662494626}], "statistics": {"Loss/scores/fake": -7.759945869445801, "Loss/signs/fake": -1.0, "Loss/G/loss": 8.266477584838867, "Loss/pl_penalty": 0.10302895400673151, "Loss/G/reg": 0.20605790801346302, "Loss/scores/real": -0.47566094994544983, "Loss/signs/real": -0.015625, "Loss/D/loss": 3.3578739762306213, "Loss/r1_penalty": 0.1941259689629078, "Loss/D/reg": 0.0970629844814539}}
/Users/twixes/Developer/thispriestdoesnotexist/research/vendor/stylegan2-ada-pytorch/torch_utils/ops/grid_sample_gradfix.py:39: UserWarning: grid_sample_gradfix not supported on PyTorch 2.14.0. Falling back to torch.nn.functional.grid_sample().
  warnings.warn(f'grid_sample_gradfix not supported on PyTorch {torch.__version__}. Falling back to torch.nn.functional.grid_sample().')
/Users/twixes/Developer/thispriestdoesnotexist/research/vendor/stylegan2-ada-pytorch/torch_utils/ops/grid_sample_gradfix.py:39: UserWarning: grid_sample_gradfix not supported on PyTorch 2.14.0. Falling back to torch.nn.functional.grid_sample().
  warnings.warn(f'grid_sample_gradfix not supported on PyTorch {torch.__version__}. Falling back to torch.nn.functional.grid_sample().')
/Users/twixes/Developer/thispriestdoesnotexist/research/vendor/stylegan2-ada-pytorch/torch_utils/ops/grid_sample_gradfix.py:39: UserWarning: grid_sample_gradfix not supported on PyTorch 2.14.0. Falling back to torch.nn.functional.grid_sample().
  warnings.warn(f'grid_sample_gradfix not supported on PyTorch {torch.__version__}. Falling back to torch.nn.functional.grid_sample().')
/Users/twixes/Developer/thispriestdoesnotexist/research/vendor/stylegan2-ada-pytorch/torch_utils/ops/grid_sample_gradfix.py:39: UserWarning: grid_sample_gradfix not supported on PyTorch 2.14.0. Falling back to torch.nn.functional.grid_sample().
  warnings.warn(f'grid_sample_gradfix not supported on PyTorch {torch.__version__}. Falling back to torch.nn.functional.grid_sample().')
/Users/twixes/Developer/thispriestdoesnotexist/research/vendor/stylegan2-ada-pytorch/torch_utils/ops/grid_sample_gradfix.py:39: UserWarning: grid_sample_gradfix not supported on PyTorch 2.14.0. Falling back to torch.nn.functional.grid_sample().
  warnings.warn(f'grid_sample_gradfix not supported on PyTorch {torch.__version__}. Falling back to torch.nn.functional.grid_sample().')
/Users/twixes/Developer/thispriestdoesnotexist/research/vendor/stylegan2-ada-pytorch/torch_utils/ops/grid_sample_gradfix.py:39: UserWarning: grid_sample_gradfix not supported on PyTorch 2.14.0. Falling back to torch.nn.functional.grid_sample().
  warnings.warn(f'grid_sample_gradfix not supported on PyTorch {torch.__version__}. Falling back to torch.nn.functional.grid_sample().')
/Users/twixes/Developer/thispriestdoesnotexist/research/vendor/stylegan2-ada-pytorch/torch_utils/ops/grid_sample_gradfix.py:39: UserWarning: grid_sample_gradfix not supported on PyTorch 2.14.0. Falling back to torch.nn.functional.grid_sample().
  warnings.warn(f'grid_sample_gradfix not supported on PyTorch {torch.__version__}. Falling back to torch.nn.functional.grid_sample().')
/Users/twixes/Developer/thispriestdoesnotexist/research/vendor/stylegan2-ada-pytorch/torch_utils/ops/grid_sample_gradfix.py:39: UserWarning: grid_sample_gradfix not supported on PyTorch 2.14.0. Falling back to torch.nn.functional.grid_sample().
  warnings.warn(f'grid_sample_gradfix not supported on PyTorch {torch.__version__}. Falling back to torch.nn.functional.grid_sample().')
/Users/twixes/Developer/thispriestdoesnotexist/research/vendor/stylegan2-ada-pytorch/torch_utils/ops/grid_sample_gradfix.py:39: UserWarning: grid_sample_gradfix not supported on PyTorch 2.14.0. Falling back to torch.nn.functional.grid_sample().
  warnings.warn(f'grid_sample_gradfix not supported on PyTorch {torch.__version__}. Falling back to torch.nn.functional.grid_sample().')
/Users/twixes/Developer/thispriestdoesnotexist/research/vendor/stylegan2-ada-pytorch/torch_utils/ops/grid_sample_gradfix.py:39: UserWarning: grid_sample_gradfix not supported on PyTorch 2.14.0. Falling back to torch.nn.functional.grid_sample().
  warnings.warn(f'grid_sample_gradfix not supported on PyTorch {torch.__version__}. Falling back to torch.nn.functional.grid_sample().')
/Users/twixes/Developer/thispriestdoesnotexist/research/vendor/stylegan2-ada-pytorch/torch_utils/ops/grid_sample_gradfix.py:39: UserWarning: grid_sample_gradfix not supported on PyTorch 2.14.0. Falling back to torch.nn.functional.grid_sample().
  warnings.warn(f'grid_sample_gradfix not supported on PyTorch {torch.__version__}. Falling back to torch.nn.functional.grid_sample().')
/Users/twixes/Developer/thispriestdoesnotexist/research/vendor/stylegan2-ada-pytorch/torch_utils/ops/grid_sample_gradfix.py:39: UserWarning: grid_sample_gradfix not supported on PyTorch 2.14.0. Falling back to torch.nn.functional.grid_sample().
  warnings.warn(f'grid_sample_gradfix not supported on PyTorch {torch.__version__}. Falling back to torch.nn.functional.grid_sample().')
/Users/twixes/Developer/thispriestdoesnotexist/research/vendor/stylegan2-ada-pytorch/torch_utils/ops/grid_sample_gradfix.py:39: UserWarning: grid_sample_gradfix not supported on PyTorch 2.14.0. Falling back to torch.nn.functional.grid_sample().
  warnings.warn(f'grid_sample_gradfix not supported on PyTorch {torch.__version__}. Falling back to torch.nn.functional.grid_sample().')
/Users/twixes/Developer/thispriestdoesnotexist/research/vendor/stylegan2-ada-pytorch/torch_utils/ops/grid_sample_gradfix.py:39: UserWarning: grid_sample_gradfix not supported on PyTorch 2.14.0. Falling back to torch.nn.functional.grid_sample().
  warnings.warn(f'grid_sample_gradfix not supported on PyTorch {torch.__version__}. Falling back to torch.nn.functional.grid_sample().')
/Users/twixes/Developer/thispriestdoesnotexist/research/vendor/stylegan2-ada-pytorch/torch_utils/ops/grid_sample_gradfix.py:39: UserWarning: grid_sample_gradfix not supported on PyTorch 2.14.0. Falling back to torch.nn.functional.grid_sample().
  warnings.warn(f'grid_sample_gradfix not supported on PyTorch {torch.__version__}. Falling back to torch.nn.functional.grid_sample().')
/Users/twixes/Developer/thispriestdoesnotexist/research/vendor/stylegan2-ada-pytorch/torch_utils/ops/grid_sample_gradfix.py:39: UserWarning: grid_sample_gradfix not supported on PyTorch 2.14.0. Falling back to torch.nn.functional.grid_sample().
  warnings.warn(f'grid_sample_gradfix not supported on PyTorch {torch.__version__}. Falling back to torch.nn.functional.grid_sample().')
/Users/twixes/Developer/thispriestdoesnotexist/research/vendor/stylegan2-ada-pytorch/torch_utils/ops/grid_sample_gradfix.py:39: UserWarning: grid_sample_gradfix not supported on PyTorch 2.14.0. Falling back to torch.nn.functional.grid_sample().
  warnings.warn(f'grid_sample_gradfix not supported on PyTorch {torch.__version__}. Falling back to torch.nn.functional.grid_sample().')
/Users/twixes/Developer/thispriestdoesnotexist/research/vendor/stylegan2-ada-pytorch/torch_utils/ops/grid_sample_gradfix.py:39: UserWarning: grid_sample_gradfix not supported on PyTorch 2.14.0. Falling back to torch.nn.functional.grid_sample().
  warnings.warn(f'grid_sample_gradfix not supported on PyTorch {torch.__version__}. Falling back to torch.nn.functional.grid_sample().')
/Users/twixes/Developer/thispriestdoesnotexist/research/vendor/stylegan2-ada-pytorch/torch_utils/ops/grid_sample_gradfix.py:39: UserWarning: grid_sample_gradfix not supported on PyTorch 2.14.0. Falling back to torch.nn.functional.grid_sample().
  warnings.warn(f'grid_sample_gradfix not supported on PyTorch {torch.__version__}. Falling back to torch.nn.functional.grid_sample().')
/Users/twixes/Developer/thispriestdoesnotexist/research/vendor/stylegan2-ada-pytorch/torch_utils/ops/grid_sample_gradfix.py:39: UserWarning: grid_sample_gradfix not supported on PyTorch 2.14.0. Falling back to torch.nn.functional.grid_sample().
  warnings.warn(f'grid_sample_gradfix not supported on PyTorch {torch.__version__}. Falling back to torch.nn.functional.grid_sample().')
/Users/twixes/Developer/thispriestdoesnotexist/research/vendor/stylegan2-ada-pytorch/torch_utils/ops/grid_sample_gradfix.py:39: UserWarning: grid_sample_gradfix not supported on PyTorch 2.14.0. Falling back to torch.nn.functional.grid_sample().
  warnings.warn(f'grid_sample_gradfix not supported on PyTorch {torch.__version__}. Falling back to torch.nn.functional.grid_sample().')
/Users/twixes/Developer/thispriestdoesnotexist/research/vendor/stylegan2-ada-pytorch/torch_utils/ops/grid_sample_gradfix.py:39: UserWarning: grid_sample_gradfix not supported on PyTorch 2.14.0. Falling back to torch.nn.functional.grid_sample().
  warnings.warn(f'grid_sample_gradfix not supported on PyTorch {torch.__version__}. Falling back to torch.nn.functional.grid_sample().')
/Users/twixes/Developer/thispriestdoesnotexist/research/vendor/stylegan2-ada-pytorch/torch_utils/ops/grid_sample_gradfix.py:39: UserWarning: grid_sample_gradfix not supported on PyTorch 2.14.0. Falling back to torch.nn.functional.grid_sample().
  warnings.warn(f'grid_sample_gradfix not supported on PyTorch {torch.__version__}. Falling back to torch.nn.functional.grid_sample().')
/Users/twixes/Developer/thispriestdoesnotexist/research/vendor/stylegan2-ada-pytorch/torch_utils/ops/grid_sample_gradfix.py:39: UserWarning: grid_sample_gradfix not supported on PyTorch 2.14.0. Falling back to torch.nn.functional.grid_sample().
  warnings.warn(f'grid_sample_gradfix not supported on PyTorch {torch.__version__}. Falling back to torch.nn.functional.grid_sample().')
{"step": 18, "images_seen": 1152, "kimg": 1.152, "seconds": 599.7633095420897, "augment_p": 0.007679999805986881, "pl_mean": 0.1628345549106598, "phases": [{"phase": "Gmain", "gain_per_microbatch": 1, "rounds": 8, "seconds": 7.596010375069454}, {"phase": "Dmain", "gain_per_microbatch": 1, "rounds": 8, "seconds": 7.326701250043698}], "statistics": {"Loss/scores/fake": 1.1023918874561787, "Loss/signs/fake": 0.734375, "Loss/G/loss": 0.3983229324221611, "Loss/pl_penalty": 0.10302895400673151, "Loss/G/reg": 0.20605790801346302, "Loss/scores/real": 4.451758682727814, "Loss/signs/real": 1.0, "Loss/D/loss": 1.5532120168209076, "Loss/r1_penalty": 0.1941259689629078, "Loss/D/reg": 0.0970629844814539}}
/Users/twixes/Developer/thispriestdoesnotexist/research/vendor/stylegan2-ada-pytorch/torch_utils/ops/grid_sample_gradfix.py:39: UserWarning: grid_sample_gradfix not supported on PyTorch 2.14.0. Falling back to torch.nn.functional.grid_sample().
  warnings.warn(f'grid_sample_gradfix not supported on PyTorch {torch.__version__}. Falling back to torch.nn.functional.grid_sample().')
/Users/twixes/Developer/thispriestdoesnotexist/research/vendor/stylegan2-ada-pytorch/torch_utils/ops/grid_sample_gradfix.py:39: UserWarning: grid_sample_gradfix not supported on PyTorch 2.14.0. Falling back to torch.nn.functional.grid_sample().
  warnings.warn(f'grid_sample_gradfix not supported on PyTorch {torch.__version__}. Falling back to torch.nn.functional.grid_sample().')
/Users/twixes/Developer/thispriestdoesnotexist/research/vendor/stylegan2-ada-pytorch/torch_utils/ops/grid_sample_gradfix.py:39: UserWarning: grid_sample_gradfix not supported on PyTorch 2.14.0. Falling back to torch.nn.functional.grid_sample().
  warnings.warn(f'grid_sample_gradfix not supported on PyTorch {torch.__version__}. Falling back to torch.nn.functional.grid_sample().')
/Users/twixes/Developer/thispriestdoesnotexist/research/vendor/stylegan2-ada-pytorch/torch_utils/ops/grid_sample_gradfix.py:39: UserWarning: grid_sample_gradfix not supported on PyTorch 2.14.0. Falling back to torch.nn.functional.grid_sample().
  warnings.warn(f'grid_sample_gradfix not supported on PyTorch {torch.__version__}. Falling back to torch.nn.functional.grid_sample().')
/Users/twixes/Developer/thispriestdoesnotexist/research/vendor/stylegan2-ada-pytorch/torch_utils/ops/grid_sample_gradfix.py:39: UserWarning: grid_sample_gradfix not supported on PyTorch 2.14.0. Falling back to torch.nn.functional.grid_sample().
  warnings.warn(f'grid_sample_gradfix not supported on PyTorch {torch.__version__}. Falling back to torch.nn.functional.grid_sample().')
/Users/twixes/Developer/thispriestdoesnotexist/research/vendor/stylegan2-ada-pytorch/torch_utils/ops/grid_sample_gradfix.py:39: UserWarning: grid_sample_gradfix not supported on PyTorch 2.14.0. Falling back to torch.nn.functional.grid_sample().
  warnings.warn(f'grid_sample_gradfix not supported on PyTorch {torch.__version__}. Falling back to torch.nn.functional.grid_sample().')
/Users/twixes/Developer/thispriestdoesnotexist/research/vendor/stylegan2-ada-pytorch/torch_utils/ops/grid_sample_gradfix.py:39: UserWarning: grid_sample_gradfix not supported on PyTorch 2.14.0. Falling back to torch.nn.functional.grid_sample().
  warnings.warn(f'grid_sample_gradfix not supported on PyTorch {torch.__version__}. Falling back to torch.nn.functional.grid_sample().')
/Users/twixes/Developer/thispriestdoesnotexist/research/vendor/stylegan2-ada-pytorch/torch_utils/ops/grid_sample_gradfix.py:39: UserWarning: grid_sample_gradfix not supported on PyTorch 2.14.0. Falling back to torch.nn.functional.grid_sample().
  warnings.warn(f'grid_sample_gradfix not supported on PyTorch {torch.__version__}. Falling back to torch.nn.functional.grid_sample().')
/Users/twixes/Developer/thispriestdoesnotexist/research/vendor/stylegan2-ada-pytorch/torch_utils/ops/grid_sample_gradfix.py:39: UserWarning: grid_sample_gradfix not supported on PyTorch 2.14.0. Falling back to torch.nn.functional.grid_sample().
  warnings.warn(f'grid_sample_gradfix not supported on PyTorch {torch.__version__}. Falling back to torch.nn.functional.grid_sample().')
/Users/twixes/Developer/thispriestdoesnotexist/research/vendor/stylegan2-ada-pytorch/torch_utils/ops/grid_sample_gradfix.py:39: UserWarning: grid_sample_gradfix not supported on PyTorch 2.14.0. Falling back to torch.nn.functional.grid_sample().
  warnings.warn(f'grid_sample_gradfix not supported on PyTorch {torch.__version__}. Falling back to torch.nn.functional.grid_sample().')
/Users/twixes/Developer/thispriestdoesnotexist/research/vendor/stylegan2-ada-pytorch/torch_utils/ops/grid_sample_gradfix.py:39: UserWarning: grid_sample_gradfix not supported on PyTorch 2.14.0. Falling back to torch.nn.functional.grid_sample().
  warnings.warn(f'grid_sample_gradfix not supported on PyTorch {torch.__version__}. Falling back to torch.nn.functional.grid_sample().')
/Users/twixes/Developer/thispriestdoesnotexist/research/vendor/stylegan2-ada-pytorch/torch_utils/ops/grid_sample_gradfix.py:39: UserWarning: grid_sample_gradfix not supported on PyTorch 2.14.0. Falling back to torch.nn.functional.grid_sample().
  warnings.warn(f'grid_sample_gradfix not supported on PyTorch {torch.__version__}. Falling back to torch.nn.functional.grid_sample().')
/Users/twixes/Developer/thispriestdoesnotexist/research/vendor/stylegan2-ada-pytorch/torch_utils/ops/grid_sample_gradfix.py:39: UserWarning: grid_sample_gradfix not supported on PyTorch 2.14.0. Falling back to torch.nn.functional.grid_sample().
  warnings.warn(f'grid_sample_gradfix not supported on PyTorch {torch.__version__}. Falling back to torch.nn.functional.grid_sample().')
/Users/twixes/Developer/thispriestdoesnotexist/research/vendor/stylegan2-ada-pytorch/torch_utils/ops/grid_sample_gradfix.py:39: UserWarning: grid_sample_gradfix not supported on PyTorch 2.14.0. Falling back to torch.nn.functional.grid_sample().
  warnings.warn(f'grid_sample_gradfix not supported on PyTorch {torch.__version__}. Falling back to torch.nn.functional.grid_sample().')
/Users/twixes/Developer/thispriestdoesnotexist/research/vendor/stylegan2-ada-pytorch/torch_utils/ops/grid_sample_gradfix.py:39: UserWarning: grid_sample_gradfix not supported on PyTorch 2.14.0. Falling back to torch.nn.functional.grid_sample().
  warnings.warn(f'grid_sample_gradfix not supported on PyTorch {torch.__version__}. Falling back to torch.nn.functional.grid_sample().')
/Users/twixes/Developer/thispriestdoesnotexist/research/vendor/stylegan2-ada-pytorch/torch_utils/ops/grid_sample_gradfix.py:39: UserWarning: grid_sample_gradfix not supported on PyTorch 2.14.0. Falling back to torch.nn.functional.grid_sample().
  warnings.warn(f'grid_sample_gradfix not supported on PyTorch {torch.__version__}. Falling back to torch.nn.functional.grid_sample().')
/Users/twixes/Developer/thispriestdoesnotexist/research/vendor/stylegan2-ada-pytorch/torch_utils/ops/grid_sample_gradfix.py:39: UserWarning: grid_sample_gradfix not supported on PyTorch 2.14.0. Falling back to torch.nn.functional.grid_sample().
  warnings.warn(f'grid_sample_gradfix not supported on PyTorch {torch.__version__}. Falling back to torch.nn.functional.grid_sample().')
/Users/twixes/Developer/thispriestdoesnotexist/research/vendor/stylegan2-ada-pytorch/torch_utils/ops/grid_sample_gradfix.py:39: UserWarning: grid_sample_gradfix not supported on PyTorch 2.14.0. Falling back to torch.nn.functional.grid_sample().
  warnings.warn(f'grid_sample_gradfix not supported on PyTorch {torch.__version__}. Falling back to torch.nn.functional.grid_sample().')
/Users/twixes/Developer/thispriestdoesnotexist/research/vendor/stylegan2-ada-pytorch/torch_utils/ops/grid_sample_gradfix.py:39: UserWarning: grid_sample_gradfix not supported on PyTorch 2.14.0. Falling back to torch.nn.functional.grid_sample().
  warnings.warn(f'grid_sample_gradfix not supported on PyTorch {torch.__version__}. Falling back to torch.nn.functional.grid_sample().')
/Users/twixes/Developer/thispriestdoesnotexist/research/vendor/stylegan2-ada-pytorch/torch_utils/ops/grid_sample_gradfix.py:39: UserWarning: grid_sample_gradfix not supported on PyTorch 2.14.0. Falling back to torch.nn.functional.grid_sample().
  warnings.warn(f'grid_sample_gradfix not supported on PyTorch {torch.__version__}. Falling back to torch.nn.functional.grid_sample().')
